occasion_id,frame,subframe,slot,symbol,preamble_index,prach_config_index,frequency_offset_rb,duration_symbols,absolute_slot,absolute_symbol,frequency_khz
0,0,0,0,0,0,14,7,1,0,0,1.26
1,0,0,0,0,1,14,7,1,0,0,1.26
2,0,0,0,0,2,14,7,1,0,0,1.26
3,0,0,0,0,3,14,7,1,0,0,1.26
4,0,0,0,0,4,14,7,1,0,0,1.26
5,0,0,0,0,5,14,7,1,0,0,1.26
6,0,0,0,0,6,14,7,1,0,0,1.26
7,0,0,0,0,7,14,7,1,0,0,1.26
8,0,0,0,0,8,14,7,1,0,0,1.26
9,0,0,0,0,9,14,7,1,0,0,1.26
10,0,0,0,0,10,14,7,1,0,0,1.26
11,0,0,0,0,11,14,7,1,0,0,1.26
12,0,0,0,0,12,14,7,1,0,0,1.26
13,0,0,0,0,13,14,7,1,0,0,1.26
14,0,0,0,0,14,14,7,1,0,0,1.26
15,0,0,0,0,15,14,7,1,0,0,1.26
16,0,0,0,0,16,14,7,1,0,0,1.26
17,0,0,0,0,17,14,7,1,0,0,1.26
18,0,0,0,0,18,14,7,1,0,0,1.26
19,0,0,0,0,19,14,7,1,0,0,1.26
20,0,0,0,0,20,14,7,1,0,0,1.26
21,0,0,0,0,21,14,7,1,0,0,1.26
22,0,0,0,0,22,14,7,1,0,0,1.26
23,0,0,0,0,23,14,7,1,0,0,1.26
24,0,0,0,0,24,14,7,1,0,0,1.26
25,0,0,0,0,25,14,7,1,0,0,1.26
26,0,0,0,0,26,14,7,1,0,0,1.26
27,0,0,0,0,27,14,7,1,0,0,1.26
28,0,0,0,0,28,14,7,1,0,0,1.26
29,0,0,0,0,29,14,7,1,0,0,1.26
30,0,0,0,0,30,14,7,1,0,0,1.26
31,0,0,0,0,31,14,7,1,0,0,1.26
32,0,0,0,0,32,14,7,1,0,0,1.26
33,0,0,0,0,33,14,7,1,0,0,1.26
34,0,0,0,0,34,14,7,1,0,0,1.26
35,0,0,0,0,35,14,7,1,0,0,1.26
36,0,0,0,0,36,14,7,1,0,0,1.26
37,0,0,0,0,37,14,7,1,0,0,1.26
38,0,0,0,0,38,14,7,1,0,0,1.26
39,0,0,0,0,39,14,7,1,0,0,1.26
40,0,0,0,0,40,14,7,1,0,0,1.26
41,0,0,0,0,41,14,7,1,0,0,1.26
42,0,0,0,0,42,14,7,1,0,0,1.26
43,0,0,0,0,43,14,7,1,0,0,1.26
44,0,0,0,0,44,14,7,1,0,0,1.26
45,0,0,0,0,45,14,7,1,0,0,1.26
46,0,0,0,0,46,14,7,1,0,0,1.26
47,0,0,0,0,47,14,7,1,0,0,1.26
48,0,0,0,0,48,14,7,1,0,0,1.26
49,0,0,0,0,49,14,7,1,0,0,1.26
50,0,0,0,0,50,14,7,1,0,0,1.26
51,0,0,0,0,51,14,7,1,0,0,1.26
52,0,0,0,0,52,14,7,1,0,0,1.26
53,0,0,0,0,53,14,7,1,0,0,1.26
54,0,0,0,0,54,14,7,1,0,0,1.26
55,0,0,0,0,55,14,7,1,0,0,1.26
56,0,0,0,0,56,14,7,1,0,0,1.26
57,0,0,0,0,57,14,7,1,0,0,1.26
58,0,0,0,0,58,14,7,1,0,0,1.26
59,0,0,0,0,59,14,7,1,0,0,1.26
60,0,0,0,0,60,14,7,1,0,0,1.26
61,0,0,0,0,61,14,7,1,0,0,1.26
62,0,0,0,0,62,14,7,1,0,0,1.26
63,0,0,0,0,63,14,7,1,0,0,1.26
64,1,10,0,0,0,14,7,1,10,140,1.26
65,1,10,0,0,1,14,7,1,10,140,1.26
66,1,10,0,0,2,14,7,1,10,140,1.26
67,1,10,0,0,3,14,7,1,10,140,1.26
68,1,10,0,0,4,14,7,1,10,140,1.26
69,1,10,0,0,5,14,7,1,10,140,1.26
70,1,10,0,0,6,14,7,1,10,140,1.26
71,1,10,0,0,7,14,7,1,10,140,1.26
72,1,10,0,0,8,14,7,1,10,140,1.26
73,1,10,0,0,9,14,7,1,10,140,1.26
74,1,10,0,0,10,14,7,1,10,140,1.26
75,1,10,0,0,11,14,7,1,10,140,1.26
76,1,10,0,0,12,14,7,1,10,140,1.26
77,1,10,0,0,13,14,7,1,10,140,1.26
78,1,10,0,0,14,14,7,1,10,140,1.26
79,1,10,0,0,15,14,7,1,10,140,1.26
80,1,10,0,0,16,14,7,1,10,140,1.26
81,1,10,0,0,17,14,7,1,10,140,1.26
82,1,10,0,0,18,14,7,1,10,140,1.26
83,1,10,0,0,19,14,7,1,10,140,1.26
84,1,10,0,0,20,14,7,1,10,140,1.26
85,1,10,0,0,21,14,7,1,10,140,1.26
86,1,10,0,0,22,14,7,1,10,140,1.26
87,1,10,0,0,23,14,7,1,10,140,1.26
88,1,10,0,0,24,14,7,1,10,140,1.26
89,1,10,0,0,25,14,7,1,10,140,1.26
90,1,10,0,0,26,14,7,1,10,140,1.26
91,1,10,0,0,27,14,7,1,10,140,1.26
92,1,10,0,0,28,14,7,1,10,140,1.26
93,1,10,0,0,29,14,7,1,10,140,1.26
94,1,10,0,0,30,14,7,1,10,140,1.26
95,1,10,0,0,31,14,7,1,10,140,1.26
96,1,10,0,0,32,14,7,1,10,140,1.26
97,1,10,0,0,33,14,7,1,10,140,1.26
98,1,10,0,0,34,14,7,1,10,140,1.26
99,1,10,0,0,35,14,7,1,10,140,1.26
100,1,10,0,0,36,14,7,1,10,140,1.26
101,1,10,0,0,37,14,7,1,10,140,1.26
102,1,10,0,0,38,14,7,1,10,140,1.26
103,1,10,0,0,39,14,7,1,10,140,1.26
104,1,10,0,0,40,14,7,1,10,140,1.26
105,1,10,0,0,41,14,7,1,10,140,1.26
106,1,10,0,0,42,14,7,1,10,140,1.26
107,1,10,0,0,43,14,7,1,10,140,1.26
108,1,10,0,0,44,14,7,1,10,140,1.26
109,1,10,0,0,45,14,7,1,10,140,1.26
110,1,10,0,0,46,14,7,1,10,140,1.26
111,1,10,0,0,47,14,7,1,10,140,1.26
112,1,10,0,0,48,14,7,1,10,140,1.26
113,1,10,0,0,49,14,7,1,10,140,1.26
114,1,10,0,0,50,14,7,1,10,140,1.26
115,1,10,0,0,51,14,7,1,10,140,1.26
116,1,10,0,0,52,14,7,1,10,140,1.26
117,1,10,0,0,53,14,7,1,10,140,1.26
118,1,10,0,0,54,14,7,1,10,140,1.26
119,1,10,0,0,55,14,7,1,10,140,1.26
120,1,10,0,0,56,14,7,1,10,140,1.26
121,1,10,0,0,57,14,7,1,10,140,1.26
122,1,10,0,0,58,14,7,1,10,140,1.26
123,1,10,0,0,59,14,7,1,10,140,1.26
124,1,10,0,0,60,14,7,1,10,140,1.26
125,1,10,0,0,61,14,7,1,10,140,1.26
126,1,10,0,0,62,14,7,1,10,140,1.26
127,1,10,0,0,63,14,7,1,10,140,1.26
128,2,20,0,0,0,14,7,1,20,280,1.26
129,2,20,0,0,1,14,7,1,20,280,1.26
130,2,20,0,0,2,14,7,1,20,280,1.26
131,2,20,0,0,3,14,7,1,20,280,1.26
132,2,20,0,0,4,14,7,1,20,280,1.26
133,2,20,0,0,5,14,7,1,20,280,1.26
134,2,20,0,0,6,14,7,1,20,280,1.26
135,2,20,0,0,7,14,7,1,20,280,1.26
136,2,20,0,0,8,14,7,1,20,280,1.26
137,2,20,0,0,9,14,7,1,20,280,1.26
138,2,20,0,0,10,14,7,1,20,280,1.26
139,2,20,0,0,11,14,7,1,20,280,1.26
140,2,20,0,0,12,14,7,1,20,280,1.26
141,2,20,0,0,13,14,7,1,20,280,1.26
142,2,20,0,0,14,14,7,1,20,280,1.26
143,2,20,0,0,15,14,7,1,20,280,1.26
144,2,20,0,0,16,14,7,1,20,280,1.26
145,2,20,0,0,17,14,7,1,20,280,1.26
146,2,20,0,0,18,14,7,1,20,280,1.26
147,2,20,0,0,19,14,7,1,20,280,1.26
148,2,20,0,0,20,14,7,1,20,280,1.26
149,2,20,0,0,21,14,7,1,20,280,1.26
150,2,20,0,0,22,14,7,1,20,280,1.26
151,2,20,0,0,23,14,7,1,20,280,1.26
152,2,20,0,0,24,14,7,1,20,280,1.26
153,2,20,0,0,25,14,7,1,20,280,1.26
154,2,20,0,0,26,14,7,1,20,280,1.26
155,2,20,0,0,27,14,7,1,20,280,1.26
156,2,20,0,0,28,14,7,1,20,280,1.26
157,2,20,0,0,29,14,7,1,20,280,1.26
158,2,20,0,0,30,14,7,1,20,280,1.26
159,2,20,0,0,31,14,7,1,20,280,1.26
160,2,20,0,0,32,14,7,1,20,280,1.26
161,2,20,0,0,33,14,7,1,20,280,1.26
162,2,20,0,0,34,14,7,1,20,280,1.26
163,2,20,0,0,35,14,7,1,20,280,1.26
164,2,20,0,0,36,14,7,1,20,280,1.26
165,2,20,0,0,37,14,7,1,20,280,1.26
166,2,20,0,0,38,14,7,1,20,280,1.26
167,2,20,0,0,39,14,7,1,20,280,1.26
168,2,20,0,0,40,14,7,1,20,280,1.26
169,2,20,0,0,41,14,7,1,20,280,1.26
170,2,20,0,0,42,14,7,1,20,280,1.26
171,2,20,0,0,43,14,7,1,20,280,1.26
172,2,20,0,0,44,14,7,1,20,280,1.26
173,2,20,0,0,45,14,7,1,20,280,1.26
174,2,20,0,0,46,14,7,1,20,280,1.26
175,2,20,0,0,47,14,7,1,20,280,1.26
176,2,20,0,0,48,14,7,1,20,280,1.26
177,2,20,0,0,49,14,7,1,20,280,1.26
178,2,20,0,0,50,14,7,1,20,280,1.26
179,2,20,0,0,51,14,7,1,20,280,1.26
180,2,20,0,0,52,14,7,1,20,280,1.26
181,2,20,0,0,53,14,7,1,20,280,1.26
182,2,20,0,0,54,14,7,1,20,280,1.26
183,2,20,0,0,55,14,7,1,20,280,1.26
184,2,20,0,0,56,14,7,1,20,280,1.26
185,2,20,0,0,57,14,7,1,20,280,1.26
186,2,20,0,0,58,14,7,1,20,280,1.26
187,2,20,0,0,59,14,7,1,20,280,1.26
188,2,20,0,0,60,14,7,1,20,280,1.26
189,2,20,0,0,61,14,7,1,20,280,1.26
190,2,20,0,0,62,14,7,1,20,280,1.26
191,2,20,0,0,63,14,7,1,20,280,1.26
192,3,30,0,0,0,14,7,1,30,420,1.26
193,3,30,0,0,1,14,7,1,30,420,1.26
194,3,30,0,0,2,14,7,1,30,420,1.26
195,3,30,0,0,3,14,7,1,30,420,1.26
196,3,30,0,0,4,14,7,1,30,420,1.26
197,3,30,0,0,5,14,7,1,30,420,1.26
198,3,30,0,0,6,14,7,1,30,420,1.26
199,3,30,0,0,7,14,7,1,30,420,1.26
200,3,30,0,0,8,14,7,1,30,420,1.26
201,3,30,0,0,9,14,7,1,30,420,1.26
202,3,30,0,0,10,14,7,1,30,420,1.26
203,3,30,0,0,11,14,7,1,30,420,1.26
204,3,30,0,0,12,14,7,1,30,420,1.26
205,3,30,0,0,13,14,7,1,30,420,1.26
206,3,30,0,0,14,14,7,1,30,420,1.26
207,3,30,0,0,15,14,7,1,30,420,1.26
208,3,30,0,0,16,14,7,1,30,420,1.26
209,3,30,0,0,17,14,7,1,30,420,1.26
210,3,30,0,0,18,14,7,1,30,420,1.26
211,3,30,0,0,19,14,7,1,30,420,1.26
212,3,30,0,0,20,14,7,1,30,420,1.26
213,3,30,0,0,21,14,7,1,30,420,1.26
214,3,30,0,0,22,14,7,1,30,420,1.26
215,3,30,0,0,23,14,7,1,30,420,1.26
216,3,30,0,0,24,14,7,1,30,420,1.26
217,3,30,0,0,25,14,7,1,30,420,1.26
218,3,30,0,0,26,14,7,1,30,420,1.26
219,3,30,0,0,27,14,7,1,30,420,1.26
220,3,30,0,0,28,14,7,1,30,420,1.26
221,3,30,0,0,29,14,7,1,30,420,1.26
222,3,30,0,0,30,14,7,1,30,420,1.26
223,3,30,0,0,31,14,7,1,30,420,1.26
224,3,30,0,0,32,14,7,1,30,420,1.26
225,3,30,0,0,33,14,7,1,30,420,1.26
226,3,30,0,0,34,14,7,1,30,420,1.26
227,3,30,0,0,35,14,7,1,30,420,1.26
228,3,30,0,0,36,14,7,1,30,420,1.26
229,3,30,0,0,37,14,7,1,30,420,1.26
230,3,30,0,0,38,14,7,1,30,420,1.26
231,3,30,0,0,39,14,7,1,30,420,1.26
232,3,30,0,0,40,14,7,1,30,420,1.26
233,3,30,0,0,41,14,7,1,30,420,1.26
234,3,30,0,0,42,14,7,1,30,420,1.26
235,3,30,0,0,43,14,7,1,30,420,1.26
236,3,30,0,0,44,14,7,1,30,420,1.26
237,3,30,0,0,45,14,7,1,30,420,1.26
238,3,30,0,0,46,14,7,1,30,420,1.26
239,3,30,0,0,47,14,7,1,30,420,1.26
240,3,30,0,0,48,14,7,1,30,420,1.26
241,3,30,0,0,49,14,7,1,30,420,1.26
242,3,30,0,0,50,14,7,1,30,420,1.26
243,3,30,0,0,51,14,7,1,30,420,1.26
244,3,30,0,0,52,14,7,1,30,420,1.26
245,3,30,0,0,53,14,7,1,30,420,1.26
246,3,30,0,0,54,14,7,1,30,420,1.26
247,3,30,0,0,55,14,7,1,30,420,1.26
248,3,30,0,0,56,14,7,1,30,420,1.26
249,3,30,0,0,57,14,7,1,30,420,1.26
250,3,30,0,0,58,14,7,1,30,420,1.26
251,3,30,0,0,59,14,7,1,30,420,1.26
252,3,30,0,0,60,14,7,1,30,420,1.26
253,3,30,0,0,61,14,7,1,30,420,1.26
254,3,30,0,0,62,14,7,1,30,420,1.26
255,3,30,0,0,63,14,7,1,30,420,1.26
256,4,40,0,0,0,14,7,1,40,560,1.26
257,4,40,0,0,1,14,7,1,40,560,1.26
258,4,40,0,0,2,14,7,1,40,560,1.26
259,4,40,0,0,3,14,7,1,40,560,1.26
260,4,40,0,0,4,14,7,1,40,560,1.26
261,4,40,0,0,5,14,7,1,40,560,1.26
262,4,40,0,0,6,14,7,1,40,560,1.26
263,4,40,0,0,7,14,7,1,40,560,1.26
264,4,40,0,0,8,14,7,1,40,560,1.26
265,4,40,0,0,9,14,7,1,40,560,1.26
266,4,40,0,0,10,14,7,1,40,560,1.26
267,4,40,0,0,11,14,7,1,40,560,1.26
268,4,40,0,0,12,14,7,1,40,560,1.26
269,4,40,0,0,13,14,7,1,40,560,1.26
270,4,40,0,0,14,14,7,1,40,560,1.26
271,4,40,0,0,15,14,7,1,40,560,1.26
272,4,40,0,0,16,14,7,1,40,560,1.26
273,4,40,0,0,17,14,7,1,40,560,1.26
274,4,40,0,0,18,14,7,1,40,560,1.26
275,4,40,0,0,19,14,7,1,40,560,1.26
276,4,40,0,0,20,14,7,1,40,560,1.26
277,4,40,0,0,21,14,7,1,40,560,1.26
278,4,40,0,0,22,14,7,1,40,560,1.26
279,4,40,0,0,23,14,7,1,40,560,1.26
280,4,40,0,0,24,14,7,1,40,560,1.26
281,4,40,0,0,25,14,7,1,40,560,1.26
282,4,40,0,0,26,14,7,1,40,560,1.26
283,4,40,0,0,27,14,7,1,40,560,1.26
284,4,40,0,0,28,14,7,1,40,560,1.26
285,4,40,0,0,29,14,7,1,40,560,1.26
286,4,40,0,0,30,14,7,1,40,560,1.26
287,4,40,0,0,31,14,7,1,40,560,1.26
288,4,40,0,0,32,14,7,1,40,560,1.26
289,4,40,0,0,33,14,7,1,40,560,1.26
290,4,40,0,0,34,14,7,1,40,560,1.26
291,4,40,0,0,35,14,7,1,40,560,1.26
292,4,40,0,0,36,14,7,1,40,560,1.26
293,4,40,0,0,37,14,7,1,40,560,1.26
294,4,40,0,0,38,14,7,1,40,560,1.26
295,4,40,0,0,39,14,7,1,40,560,1.26
296,4,40,0,0,40,14,7,1,40,560,1.26
297,4,40,0,0,41,14,7,1,40,560,1.26
298,4,40,0,0,42,14,7,1,40,560,1.26
299,4,40,0,0,43,14,7,1,40,560,1.26
300,4,40,0,0,44,14,7,1,40,560,1.26
301,4,40,0,0,45,14,7,1,40,560,1.26
302,4,40,0,0,46,14,7,1,40,560,1.26
303,4,40,0,0,47,14,7,1,40,560,1.26
304,4,40,0,0,48,14,7,1,40,560,1.26
305,4,40,0,0,49,14,7,1,40,560,1.26
306,4,40,0,0,50,14,7,1,40,560,1.26
307,4,40,0,0,51,14,7,1,40,560,1.26
308,4,40,0,0,52,14,7,1,40,560,1.26
309,4,40,0,0,53,14,7,1,40,560,1.26
310,4,40,0,0,54,14,7,1,40,560,1.26
311,4,40,0,0,55,14,7,1,40,560,1.26
312,4,40,0,0,56,14,7,1,40,560,1.26
313,4,40,0,0,57,14,7,1,40,560,1.26
314,4,40,0,0,58,14,7,1,40,560,1.26
315,4,40,0,0,59,14,7,1,40,560,1.26
316,4,40,0,0,60,14,7,1,40,560,1.26
317,4,40,0,0,61,14,7,1,40,560,1.26
318,4,40,0,0,62,14,7,1,40,560,1.26
319,4,40,0,0,63,14,7,1,40,560,1.26
320,5,50,0,0,0,14,7,1,50,700,1.26
321,5,50,0,0,1,14,7,1,50,700,1.26
322,5,50,0,0,2,14,7,1,50,700,1.26
323,5,50,0,0,3,14,7,1,50,700,1.26
324,5,50,0,0,4,14,7,1,50,700,1.26
325,5,50,0,0,5,14,7,1,50,700,1.26
326,5,50,0,0,6,14,7,1,50,700,1.26
327,5,50,0,0,7,14,7,1,50,700,1.26
328,5,50,0,0,8,14,7,1,50,700,1.26
329,5,50,0,0,9,14,7,1,50,700,1.26
330,5,50,0,0,10,14,7,1,50,700,1.26
331,5,50,0,0,11,14,7,1,50,700,1.26
332,5,50,0,0,12,14,7,1,50,700,1.26
333,5,50,0,0,13,14,7,1,50,700,1.26
334,5,50,0,0,14,14,7,1,50,700,1.26
335,5,50,0,0,15,14,7,1,50,700,1.26
336,5,50,0,0,16,14,7,1,50,700,1.26
337,5,50,0,0,17,14,7,1,50,700,1.26
338,5,50,0,0,18,14,7,1,50,700,1.26
339,5,50,0,0,19,14,7,1,50,700,1.26
340,5,50,0,0,20,14,7,1,50,700,1.26
341,5,50,0,0,21,14,7,1,50,700,1.26
342,5,50,0,0,22,14,7,1,50,700,1.26
343,5,50,0,0,23,14,7,1,50,700,1.26
344,5,50,0,0,24,14,7,1,50,700,1.26
345,5,50,0,0,25,14,7,1,50,700,1.26
346,5,50,0,0,26,14,7,1,50,700,1.26
347,5,50,0,0,27,14,7,1,50,700,1.26
348,5,50,0,0,28,14,7,1,50,700,1.26
349,5,50,0,0,29,14,7,1,50,700,1.26
350,5,50,0,0,30,14,7,1,50,700,1.26
351,5,50,0,0,31,14,7,1,50,700,1.26
352,5,50,0,0,32,14,7,1,50,700,1.26
353,5,50,0,0,33,14,7,1,50,700,1.26
354,5,50,0,0,34,14,7,1,50,700,1.26
355,5,50,0,0,35,14,7,1,50,700,1.26
356,5,50,0,0,36,14,7,1,50,700,1.26
357,5,50,0,0,37,14,7,1,50,700,1.26
358,5,50,0,0,38,14,7,1,50,700,1.26
359,5,50,0,0,39,14,7,1,50,700,1.26
360,5,50,0,0,40,14,7,1,50,700,1.26
361,5,50,0,0,41,14,7,1,50,700,1.26
362,5,50,0,0,42,14,7,1,50,700,1.26
363,5,50,0,0,43,14,7,1,50,700,1.26
364,5,50,0,0,44,14,7,1,50,700,1.26
365,5,50,0,0,45,14,7,1,50,700,1.26
366,5,50,0,0,46,14,7,1,50,700,1.26
367,5,50,0,0,47,14,7,1,50,700,1.26
368,5,50,0,0,48,14,7,1,50,700,1.26
369,5,50,0,0,49,14,7,1,50,700,1.26
370,5,50,0,0,50,14,7,1,50,700,1.26
371,5,50,0,0,51,14,7,1,50,700,1.26
372,5,50,0,0,52,14,7,1,50,700,1.26
373,5,50,0,0,53,14,7,1,50,700,1.26
374,5,50,0,0,54,14,7,1,50,700,1.26
375,5,50,0,0,55,14,7,1,50,700,1.26
376,5,50,0,0,56,14,7,1,50,700,1.26
377,5,50,0,0,57,14,7,1,50,700,1.26
378,5,50,0,0,58,14,7,1,50,700,1.26
379,5,50,0,0,59,14,7,1,50,700,1.26
380,5,50,0,0,60,14,7,1,50,700,1.26
381,5,50,0,0,61,14,7,1,50,700,1.26
382,5,50,0,0,62,14,7,1,50,700,1.26
383,5,50,0,0,63,14,7,1,50,700,1.26
384,6,60,0,0,0,14,7,1,60,840,1.26
385,6,60,0,0,1,14,7,1,60,840,1.26
386,6,60,0,0,2,14,7,1,60,840,1.26
387,6,60,0,0,3,14,7,1,60,840,1.26
388,6,60,0,0,4,14,7,1,60,840,1.26
389,6,60,0,0,5,14,7,1,60,840,1.26
390,6,60,0,0,6,14,7,1,60,840,1.26
391,6,60,0,0,7,14,7,1,60,840,1.26
392,6,60,0,0,8,14,7,1,60,840,1.26
393,6,60,0,0,9,14,7,1,60,840,1.26
394,6,60,0,0,10,14,7,1,60,840,1.26
395,6,60,0,0,11,14,7,1,60,840,1.26
396,6,60,0,0,12,14,7,1,60,840,1.26
397,6,60,0,0,13,14,7,1,60,840,1.26
398,6,60,0,0,14,14,7,1,60,840,1.26
399,6,60,0,0,15,14,7,1,60,840,1.26
400,6,60,0,0,16,14,7,1,60,840,1.26
401,6,60,0,0,17,14,7,1,60,840,1.26
402,6,60,0,0,18,14,7,1,60,840,1.26
403,6,60,0,0,19,14,7,1,60,840,1.26
404,6,60,0,0,20,14,7,1,60,840,1.26
405,6,60,0,0,21,14,7,1,60,840,1.26
406,6,60,0,0,22,14,7,1,60,840,1.26
407,6,60,0,0,23,14,7,1,60,840,1.26
408,6,60,0,0,24,14,7,1,60,840,1.26
409,6,60,0,0,25,14,7,1,60,840,1.26
410,6,60,0,0,26,14,7,1,60,840,1.26
411,6,60,0,0,27,14,7,1,60,840,1.26
412,6,60,0,0,28,14,7,1,60,840,1.26
413,6,60,0,0,29,14,7,1,60,840,1.26
414,6,60,0,0,30,14,7,1,60,840,1.26
415,6,60,0,0,31,14,7,1,60,840,1.26
416,6,60,0,0,32,14,7,1,60,840,1.26
417,6,60,0,0,33,14,7,1,60,840,1.26
418,6,60,0,0,34,14,7,1,60,840,1.26
419,6,60,0,0,35,14,7,1,60,840,1.26
420,6,60,0,0,36,14,7,1,60,840,1.26
421,6,60,0,0,37,14,7,1,60,840,1.26
422,6,60,0,0,38,14,7,1,60,840,1.26
423,6,60,0,0,39,14,7,1,60,840,1.26
424,6,60,0,0,40,14,7,1,60,840,1.26
425,6,60,0,0,41,14,7,1,60,840,1.26
426,6,60,0,0,42,14,7,1,60,840,1.26
427,6,60,0,0,43,14,7,1,60,840,1.26
428,6,60,0,0,44,14,7,1,60,840,1.26
429,6,60,0,0,45,14,7,1,60,840,1.26
430,6,60,0,0,46,14,7,1,60,840,1.26
431,6,60,0,0,47,14,7,1,60,840,1.26
432,6,60,0,0,48,14,7,1,60,840,1.26
433,6,60,0,0,49,14,7,1,60,840,1.26
434,6,60,0,0,50,14,7,1,60,840,1.26
435,6,60,0,0,51,14,7,1,60,840,1.26
436,6,60,0,0,52,14,7,1,60,840,1.26
437,6,60,0,0,53,14,7,1,60,840,1.26
438,6,60,0,0,54,14,7,1,60,840,1.26
439,6,60,0,0,55,14,7,1,60,840,1.26
440,6,60,0,0,56,14,7,1,60,840,1.26
441,6,60,0,0,57,14,7,1,60,840,1.26
442,6,60,0,0,58,14,7,1,60,840,1.26
443,6,60,0,0,59,14,7,1,60,840,1.26
444,6,60,0,0,60,14,7,1,60,840,1.26
445,6,60,0,0,61,14,7,1,60,840,1.26
446,6,60,0,0,62,14,7,1,60,840,1.26
447,6,60,0,0,63,14,7,1,60,840,1.26
448,7,70,0,0,0,14,7,1,70,980,1.26
449,7,70,0,0,1,14,7,1,70,980,1.26
450,7,70,0,0,2,14,7,1,70,980,1.26
451,7,70,0,0,3,14,7,1,70,980,1.26
452,7,70,0,0,4,14,7,1,70,980,1.26
453,7,70,0,0,5,14,7,1,70,980,1.26
454,7,70,0,0,6,14,7,1,70,980,1.26
455,7,70,0,0,7,14,7,1,70,980,1.26
456,7,70,0,0,8,14,7,1,70,980,1.26
457,7,70,0,0,9,14,7,1,70,980,1.26
458,7,70,0,0,10,14,7,1,70,980,1.26
459,7,70,0,0,11,14,7,1,70,980,1.26
460,7,70,0,0,12,14,7,1,70,980,1.26
461,7,70,0,0,13,14,7,1,70,980,1.26
462,7,70,0,0,14,14,7,1,70,980,1.26
463,7,70,0,0,15,14,7,1,70,980,1.26
464,7,70,0,0,16,14,7,1,70,980,1.26
465,7,70,0,0,17,14,7,1,70,980,1.26
466,7,70,0,0,18,14,7,1,70,980,1.26
467,7,70,0,0,19,14,7,1,70,980,1.26
468,7,70,0,0,20,14,7,1,70,980,1.26
469,7,70,0,0,21,14,7,1,70,980,1.26
470,7,70,0,0,22,14,7,1,70,980,1.26
471,7,70,0,0,23,14,7,1,70,980,1.26
472,7,70,0,0,24,14,7,1,70,980,1.26
473,7,70,0,0,25,14,7,1,70,980,1.26
474,7,70,0,0,26,14,7,1,70,980,1.26
475,7,70,0,0,27,14,7,1,70,980,1.26
476,7,70,0,0,28,14,7,1,70,980,1.26
477,7,70,0,0,29,14,7,1,70,980,1.26
478,7,70,0,0,30,14,7,1,70,980,1.26
479,7,70,0,0,31,14,7,1,70,980,1.26
480,7,70,0,0,32,14,7,1,70,980,1.26
481,7,70,0,0,33,14,7,1,70,980,1.26
482,7,70,0,0,34,14,7,1,70,980,1.26
483,7,70,0,0,35,14,7,1,70,980,1.26
484,7,70,0,0,36,14,7,1,70,980,1.26
485,7,70,0,0,37,14,7,1,70,980,1.26
486,7,70,0,0,38,14,7,1,70,980,1.26
487,7,70,0,0,39,14,7,1,70,980,1.26
488,7,70,0,0,40,14,7,1,70,980,1.26
489,7,70,0,0,41,14,7,1,70,980,1.26
490,7,70,0,0,42,14,7,1,70,980,1.26
491,7,70,0,0,43,14,7,1,70,980,1.26
492,7,70,0,0,44,14,7,1,70,980,1.26
493,7,70,0,0,45,14,7,1,70,980,1.26
494,7,70,0,0,46,14,7,1,70,980,1.26
495,7,70,0,0,47,14,7,1,70,980,1.26
496,7,70,0,0,48,14,7,1,70,980,1.26
497,7,70,0,0,49,14,7,1,70,980,1.26
498,7,70,0,0,50,14,7,1,70,980,1.26
499,7,70,0,0,51,14,7,1,70,980,1.26
500,7,70,0,0,52,14,7,1,70,980,1.26
501,7,70,0,0,53,14,7,1,70,980,1.26
502,7,70,0,0,54,14,7,1,70,980,1.26
503,7,70,0,0,55,14,7,1,70,980,1.26
504,7,70,0,0,56,14,7,1,70,980,1.26
505,7,70,0,0,57,14,7,1,70,980,1.26
506,7,70,0,0,58,14,7,1,70,980,1.26
507,7,70,0,0,59,14,7,1,70,980,1.26
508,7,70,0,0,60,14,7,1,70,980,1.26
509,7,70,0,0,61,14,7,1,70,980,1.26
510,7,70,0,0,62,14,7,1,70,980,1.26
511,7,70,0,0,63,14,7,1,70,980,1.26
512,8,80,0,0,0,14,7,1,80,1120,1.26
513,8,80,0,0,1,14,7,1,80,1120,1.26
514,8,80,0,0,2,14,7,1,80,1120,1.26
515,8,80,0,0,3,14,7,1,80,1120,1.26
516,8,80,0,0,4,14,7,1,80,1120,1.26
517,8,80,0,0,5,14,7,1,80,1120,1.26
518,8,80,0,0,6,14,7,1,80,1120,1.26
519,8,80,0,0,7,14,7,1,80,1120,1.26
520,8,80,0,0,8,14,7,1,80,1120,1.26
521,8,80,0,0,9,14,7,1,80,1120,1.26
522,8,80,0,0,10,14,7,1,80,1120,1.26
523,8,80,0,0,11,14,7,1,80,1120,1.26
524,8,80,0,0,12,14,7,1,80,1120,1.26
525,8,80,0,0,13,14,7,1,80,1120,1.26
526,8,80,0,0,14,14,7,1,80,1120,1.26
527,8,80,0,0,15,14,7,1,80,1120,1.26
528,8,80,0,0,16,14,7,1,80,1120,1.26
529,8,80,0,0,17,14,7,1,80,1120,1.26
530,8,80,0,0,18,14,7,1,80,1120,1.26
531,8,80,0,0,19,14,7,1,80,1120,1.26
532,8,80,0,0,20,14,7,1,80,1120,1.26
533,8,80,0,0,21,14,7,1,80,1120,1.26
534,8,80,0,0,22,14,7,1,80,1120,1.26
535,8,80,0,0,23,14,7,1,80,1120,1.26
536,8,80,0,0,24,14,7,1,80,1120,1.26
537,8,80,0,0,25,14,7,1,80,1120,1.26
538,8,80,0,0,26,14,7,1,80,1120,1.26
539,8,80,0,0,27,14,7,1,80,1120,1.26
540,8,80,0,0,28,14,7,1,80,1120,1.26
541,8,80,0,0,29,14,7,1,80,1120,1.26
542,8,80,0,0,30,14,7,1,80,1120,1.26
543,8,80,0,0,31,14,7,1,80,1120,1.26
544,8,80,0,0,32,14,7,1,80,1120,1.26
545,8,80,0,0,33,14,7,1,80,1120,1.26
546,8,80,0,0,34,14,7,1,80,1120,1.26
547,8,80,0,0,35,14,7,1,80,1120,1.26
548,8,80,0,0,36,14,7,1,80,1120,1.26
549,8,80,0,0,37,14,7,1,80,1120,1.26
550,8,80,0,0,38,14,7,1,80,1120,1.26
551,8,80,0,0,39,14,7,1,80,1120,1.26
552,8,80,0,0,40,14,7,1,80,1120,1.26
553,8,80,0,0,41,14,7,1,80,1120,1.26
554,8,80,0,0,42,14,7,1,80,1120,1.26
555,8,80,0,0,43,14,7,1,80,1120,1.26
556,8,80,0,0,44,14,7,1,80,1120,1.26
557,8,80,0,0,45,14,7,1,80,1120,1.26
558,8,80,0,0,46,14,7,1,80,1120,1.26
559,8,80,0,0,47,14,7,1,80,1120,1.26
560,8,80,0,0,48,14,7,1,80,1120,1.26
561,8,80,0,0,49,14,7,1,80,1120,1.26
562,8,80,0,0,50,14,7,1,80,1120,1.26
563,8,80,0,0,51,14,7,1,80,1120,1.26
564,8,80,0,0,52,14,7,1,80,1120,1.26
565,8,80,0,0,53,14,7,1,80,1120,1.26
566,8,80,0,0,54,14,7,1,80,1120,1.26
567,8,80,0,0,55,14,7,1,80,1120,1.26
568,8,80,0,0,56,14,7,1,80,1120,1.26
569,8,80,0,0,57,14,7,1,80,1120,1.26
570,8,80,0,0,58,14,7,1,80,1120,1.26
571,8,80,0,0,59,14,7,1,80,1120,1.26
572,8,80,0,0,60,14,7,1,80,1120,1.26
573,8,80,0,0,61,14,7,1,80,1120,1.26
574,8,80,0,0,62,14,7,1,80,1120,1.26
575,8,80,0,0,63,14,7,1,80,1120,1.26
576,9,90,0,0,0,14,7,1,90,1260,1.26
577,9,90,0,0,1,14,7,1,90,1260,1.26
578,9,90,0,0,2,14,7,1,90,1260,1.26
579,9,90,0,0,3,14,7,1,90,1260,1.26
580,9,90,0,0,4,14,7,1,90,1260,1.26
581,9,90,0,0,5,14,7,1,90,1260,1.26
582,9,90,0,0,6,14,7,1,90,1260,1.26
583,9,90,0,0,7,14,7,1,90,1260,1.26
584,9,90,0,0,8,14,7,1,90,1260,1.26
585,9,90,0,0,9,14,7,1,90,1260,1.26
586,9,90,0,0,10,14,7,1,90,1260,1.26
587,9,90,0,0,11,14,7,1,90,1260,1.26
588,9,90,0,0,12,14,7,1,90,1260,1.26
589,9,90,0,0,13,14,7,1,90,1260,1.26
590,9,90,0,0,14,14,7,1,90,1260,1.26
591,9,90,0,0,15,14,7,1,90,1260,1.26
592,9,90,0,0,16,14,7,1,90,1260,1.26
593,9,90,0,0,17,14,7,1,90,1260,1.26
594,9,90,0,0,18,14,7,1,90,1260,1.26
595,9,90,0,0,19,14,7,1,90,1260,1.26
596,9,90,0,0,20,14,7,1,90,1260,1.26
597,9,90,0,0,21,14,7,1,90,1260,1.26
598,9,90,0,0,22,14,7,1,90,1260,1.26
599,9,90,0,0,23,14,7,1,90,1260,1.26
600,9,90,0,0,24,14,7,1,90,1260,1.26
601,9,90,0,0,25,14,7,1,90,1260,1.26
602,9,90,0,0,26,14,7,1,90,1260,1.26
603,9,90,0,0,27,14,7,1,90,1260,1.26
604,9,90,0,0,28,14,7,1,90,1260,1.26
605,9,90,0,0,29,14,7,1,90,1260,1.26
606,9,90,0,0,30,14,7,1,90,1260,1.26
607,9,90,0,0,31,14,7,1,90,1260,1.26
608,9,90,0,0,32,14,7,1,90,1260,1.26
609,9,90,0,0,33,14,7,1,90,1260,1.26
610,9,90,0,0,34,14,7,1,90,1260,1.26
611,9,90,0,0,35,14,7,1,90,1260,1.26
612,9,90,0,0,36,14,7,1,90,1260,1.26
613,9,90,0,0,37,14,7,1,90,1260,1.26
614,9,90,0,0,38,14,7,1,90,1260,1.26
615,9,90,0,0,39,14,7,1,90,1260,1.26
616,9,90,0,0,40,14,7,1,90,1260,1.26
617,9,90,0,0,41,14,7,1,90,1260,1.26
618,9,90,0,0,42,14,7,1,90,1260,1.26
619,9,90,0,0,43,14,7,1,90,1260,1.26
620,9,90,0,0,44,14,7,1,90,1260,1.26
621,9,90,0,0,45,14,7,1,90,1260,1.26
622,9,90,0,0,46,14,7,1,90,1260,1.26
623,9,90,0,0,47,14,7,1,90,1260,1.26
624,9,90,0,0,48,14,7,1,90,1260,1.26
625,9,90,0,0,49,14,7,1,90,1260,1.26
626,9,90,0,0,50,14,7,1,90,1260,1.26
627,9,90,0,0,51,14,7,1,90,1260,1.26
628,9,90,0,0,52,14,7,1,90,1260,1.26
629,9,90,0,0,53,14,7,1,90,1260,1.26
630,9,90,0,0,54,14,7,1,90,1260,1.26
631,9,90,0,0,55,14,7,1,90,1260,1.26
632,9,90,0,0,56,14,7,1,90,1260,1.26
633,9,90,0,0,57,14,7,1,90,1260,1.26
634,9,90,0,0,58,14,7,1,90,1260,1.26
635,9,90,0,0,59,14,7,1,90,1260,1.26
636,9,90,0,0,60,14,7,1,90,1260,1.26
637,9,90,0,0,61,14,7,1,90,1260,1.26
638,9,90,0,0,62,14,7,1,90,1260,1.26
639,9,90,0,0,63,14,7,1,90,1260,1.26
640,10,0,0,0,0,14,7,1,100,1400,1.26
641,10,0,0,0,1,14,7,1,100,1400,1.26
642,10,0,0,0,2,14,7,1,100,1400,1.26
643,10,0,0,0,3,14,7,1,100,1400,1.26
644,10,0,0,0,4,14,7,1,100,1400,1.26
645,10,0,0,0,5,14,7,1,100,1400,1.26
646,10,0,0,0,6,14,7,1,100,1400,1.26
647,10,0,0,0,7,14,7,1,100,1400,1.26
648,10,0,0,0,8,14,7,1,100,1400,1.26
649,10,0,0,0,9,14,7,1,100,1400,1.26
650,10,0,0,0,10,14,7,1,100,1400,1.26
651,10,0,0,0,11,14,7,1,100,1400,1.26
652,10,0,0,0,12,14,7,1,100,1400,1.26
653,10,0,0,0,13,14,7,1,100,1400,1.26
654,10,0,0,0,14,14,7,1,100,1400,1.26
655,10,0,0,0,15,14,7,1,100,1400,1.26
656,10,0,0,0,16,14,7,1,100,1400,1.26
657,10,0,0,0,17,14,7,1,100,1400,1.26
658,10,0,0,0,18,14,7,1,100,1400,1.26
659,10,0,0,0,19,14,7,1,100,1400,1.26
660,10,0,0,0,20,14,7,1,100,1400,1.26
661,10,0,0,0,21,14,7,1,100,1400,1.26
662,10,0,0,0,22,14,7,1,100,1400,1.26
663,10,0,0,0,23,14,7,1,100,1400,1.26
664,10,0,0,0,24,14,7,1,100,1400,1.26
665,10,0,0,0,25,14,7,1,100,1400,1.26
666,10,0,0,0,26,14,7,1,100,1400,1.26
667,10,0,0,0,27,14,7,1,100,1400,1.26
668,10,0,0,0,28,14,7,1,100,1400,1.26
669,10,0,0,0,29,14,7,1,100,1400,1.26
670,10,0,0,0,30,14,7,1,100,1400,1.26
671,10,0,0,0,31,14,7,1,100,1400,1.26
672,10,0,0,0,32,14,7,1,100,1400,1.26
673,10,0,0,0,33,14,7,1,100,1400,1.26
674,10,0,0,0,34,14,7,1,100,1400,1.26
675,10,0,0,0,35,14,7,1,100,1400,1.26
676,10,0,0,0,36,14,7,1,100,1400,1.26
677,10,0,0,0,37,14,7,1,100,1400,1.26
678,10,0,0,0,38,14,7,1,100,1400,1.26
679,10,0,0,0,39,14,7,1,100,1400,1.26
680,10,0,0,0,40,14,7,1,100,1400,1.26
681,10,0,0,0,41,14,7,1,100,1400,1.26
682,10,0,0,0,42,14,7,1,100,1400,1.26
683,10,0,0,0,43,14,7,1,100,1400,1.26
684,10,0,0,0,44,14,7,1,100,1400,1.26
685,10,0,0,0,45,14,7,1,100,1400,1.26
686,10,0,0,0,46,14,7,1,100,1400,1.26
687,10,0,0,0,47,14,7,1,100,1400,1.26
688,10,0,0,0,48,14,7,1,100,1400,1.26
689,10,0,0,0,49,14,7,1,100,1400,1.26
690,10,0,0,0,50,14,7,1,100,1400,1.26
691,10,0,0,0,51,14,7,1,100,1400,1.26
692,10,0,0,0,52,14,7,1,100,1400,1.26
693,10,0,0,0,53,14,7,1,100,1400,1.26
694,10,0,0,0,54,14,7,1,100,1400,1.26
695,10,0,0,0,55,14,7,1,100,1400,1.26
696,10,0,0,0,56,14,7,1,100,1400,1.26
697,10,0,0,0,57,14,7,1,100,1400,1.26
698,10,0,0,0,58,14,7,1,100,1400,1.26
699,10,0,0,0,59,14,7,1,100,1400,1.26
700,10,0,0,0,60,14,7,1,100,1400,1.26
701,10,0,0,0,61,14,7,1,100,1400,1.26
702,10,0,0,0,62,14,7,1,100,1400,1.26
703,10,0,0,0,63,14,7,1,100,1400,1.26
704,11,10,0,0,0,14,7,1,110,1540,1.26
705,11,10,0,0,1,14,7,1,110,1540,1.26
706,11,10,0,0,2,14,7,1,110,1540,1.26
707,11,10,0,0,3,14,7,1,110,1540,1.26
708,11,10,0,0,4,14,7,1,110,1540,1.26
709,11,10,0,0,5,14,7,1,110,1540,1.26
710,11,10,0,0,6,14,7,1,110,1540,1.26
711,11,10,0,0,7,14,7,1,110,1540,1.26
712,11,10,0,0,8,14,7,1,110,1540,1.26
713,11,10,0,0,9,14,7,1,110,1540,1.26
714,11,10,0,0,10,14,7,1,110,1540,1.26
715,11,10,0,0,11,14,7,1,110,1540,1.26
716,11,10,0,0,12,14,7,1,110,1540,1.26
717,11,10,0,0,13,14,7,1,110,1540,1.26
718,11,10,0,0,14,14,7,1,110,1540,1.26
719,11,10,0,0,15,14,7,1,110,1540,1.26
720,11,10,0,0,16,14,7,1,110,1540,1.26
721,11,10,0,0,17,14,7,1,110,1540,1.26
722,11,10,0,0,18,14,7,1,110,1540,1.26
723,11,10,0,0,19,14,7,1,110,1540,1.26
724,11,10,0,0,20,14,7,1,110,1540,1.26
725,11,10,0,0,21,14,7,1,110,1540,1.26
726,11,10,0,0,22,14,7,1,110,1540,1.26
727,11,10,0,0,23,14,7,1,110,1540,1.26
728,11,10,0,0,24,14,7,1,110,1540,1.26
729,11,10,0,0,25,14,7,1,110,1540,1.26
730,11,10,0,0,26,14,7,1,110,1540,1.26
731,11,10,0,0,27,14,7,1,110,1540,1.26
732,11,10,0,0,28,14,7,1,110,1540,1.26
733,11,10,0,0,29,14,7,1,110,1540,1.26
734,11,10,0,0,30,14,7,1,110,1540,1.26
735,11,10,0,0,31,14,7,1,110,1540,1.26
736,11,10,0,0,32,14,7,1,110,1540,1.26
737,11,10,0,0,33,14,7,1,110,1540,1.26
738,11,10,0,0,34,14,7,1,110,1540,1.26
739,11,10,0,0,35,14,7,1,110,1540,1.26
740,11,10,0,0,36,14,7,1,110,1540,1.26
741,11,10,0,0,37,14,7,1,110,1540,1.26
742,11,10,0,0,38,14,7,1,110,1540,1.26
743,11,10,0,0,39,14,7,1,110,1540,1.26
744,11,10,0,0,40,14,7,1,110,1540,1.26
745,11,10,0,0,41,14,7,1,110,1540,1.26
746,11,10,0,0,42,14,7,1,110,1540,1.26
747,11,10,0,0,43,14,7,1,110,1540,1.26
748,11,10,0,0,44,14,7,1,110,1540,1.26
749,11,10,0,0,45,14,7,1,110,1540,1.26
750,11,10,0,0,46,14,7,1,110,1540,1.26
751,11,10,0,0,47,14,7,1,110,1540,1.26
752,11,10,0,0,48,14,7,1,110,1540,1.26
753,11,10,0,0,49,14,7,1,110,1540,1.26
754,11,10,0,0,50,14,7,1,110,1540,1.26
755,11,10,0,0,51,14,7,1,110,1540,1.26
756,11,10,0,0,52,14,7,1,110,1540,1.26
757,11,10,0,0,53,14,7,1,110,1540,1.26
758,11,10,0,0,54,14,7,1,110,1540,1.26
759,11,10,0,0,55,14,7,1,110,1540,1.26
760,11,10,0,0,56,14,7,1,110,1540,1.26
761,11,10,0,0,57,14,7,1,110,1540,1.26
762,11,10,0,0,58,14,7,1,110,1540,1.26
763,11,10,0,0,59,14,7,1,110,1540,1.26
764,11,10,0,0,60,14,7,1,110,1540,1.26
765,11,10,0,0,61,14,7,1,110,1540,1.26
766,11,10,0,0,62,14,7,1,110,1540,1.26
767,11,10,0,0,63,14,7,1,110,1540,1.26
768,12,20,0,0,0,14,7,1,120,1680,1.26
769,12,20,0,0,1,14,7,1,120,1680,1.26
770,12,20,0,0,2,14,7,1,120,1680,1.26
771,12,20,0,0,3,14,7,1,120,1680,1.26
772,12,20,0,0,4,14,7,1,120,1680,1.26
773,12,20,0,0,5,14,7,1,120,1680,1.26
774,12,20,0,0,6,14,7,1,120,1680,1.26
775,12,20,0,0,7,14,7,1,120,1680,1.26
776,12,20,0,0,8,14,7,1,120,1680,1.26
777,12,20,0,0,9,14,7,1,120,1680,1.26
778,12,20,0,0,10,14,7,1,120,1680,1.26
779,12,20,0,0,11,14,7,1,120,1680,1.26
780,12,20,0,0,12,14,7,1,120,1680,1.26
781,12,20,0,0,13,14,7,1,120,1680,1.26
782,12,20,0,0,14,14,7,1,120,1680,1.26
783,12,20,0,0,15,14,7,1,120,1680,1.26
784,12,20,0,0,16,14,7,1,120,1680,1.26
785,12,20,0,0,17,14,7,1,120,1680,1.26
786,12,20,0,0,18,14,7,1,120,1680,1.26
787,12,20,0,0,19,14,7,1,120,1680,1.26
788,12,20,0,0,20,14,7,1,120,1680,1.26
789,12,20,0,0,21,14,7,1,120,1680,1.26
790,12,20,0,0,22,14,7,1,120,1680,1.26
791,12,20,0,0,23,14,7,1,120,1680,1.26
792,12,20,0,0,24,14,7,1,120,1680,1.26
793,12,20,0,0,25,14,7,1,120,1680,1.26
794,12,20,0,0,26,14,7,1,120,1680,1.26
795,12,20,0,0,27,14,7,1,120,1680,1.26
796,12,20,0,0,28,14,7,1,120,1680,1.26
797,12,20,0,0,29,14,7,1,120,1680,1.26
798,12,20,0,0,30,14,7,1,120,1680,1.26
799,12,20,0,0,31,14,7,1,120,1680,1.26
800,12,20,0,0,32,14,7,1,120,1680,1.26
801,12,20,0,0,33,14,7,1,120,1680,1.26
802,12,20,0,0,34,14,7,1,120,1680,1.26
803,12,20,0,0,35,14,7,1,120,1680,1.26
804,12,20,0,0,36,14,7,1,120,1680,1.26
805,12,20,0,0,37,14,7,1,120,1680,1.26
806,12,20,0,0,38,14,7,1,120,1680,1.26
807,12,20,0,0,39,14,7,1,120,1680,1.26
808,12,20,0,0,40,14,7,1,120,1680,1.26
809,12,20,0,0,41,14,7,1,120,1680,1.26
810,12,20,0,0,42,14,7,1,120,1680,1.26
811,12,20,0,0,43,14,7,1,120,1680,1.26
812,12,20,0,0,44,14,7,1,120,1680,1.26
813,12,20,0,0,45,14,7,1,120,1680,1.26
814,12,20,0,0,46,14,7,1,120,1680,1.26
815,12,20,0,0,47,14,7,1,120,1680,1.26
816,12,20,0,0,48,14,7,1,120,1680,1.26
817,12,20,0,0,49,14,7,1,120,1680,1.26
818,12,20,0,0,50,14,7,1,120,1680,1.26
819,12,20,0,0,51,14,7,1,120,1680,1.26
820,12,20,0,0,52,14,7,1,120,1680,1.26
821,12,20,0,0,53,14,7,1,120,1680,1.26
822,12,20,0,0,54,14,7,1,120,1680,1.26
823,12,20,0,0,55,14,7,1,120,1680,1.26
824,12,20,0,0,56,14,7,1,120,1680,1.26
825,12,20,0,0,57,14,7,1,120,1680,1.26
826,12,20,0,0,58,14,7,1,120,1680,1.26
827,12,20,0,0,59,14,7,1,120,1680,1.26
828,12,20,0,0,60,14,7,1,120,1680,1.26
829,12,20,0,0,61,14,7,1,120,1680,1.26
830,12,20,0,0,62,14,7,1,120,1680,1.26
831,12,20,0,0,63,14,7,1,120,1680,1.26
832,13,30,0,0,0,14,7,1,130,1820,1.26
833,13,30,0,0,1,14,7,1,130,1820,1.26
834,13,30,0,0,2,14,7,1,130,1820,1.26
835,13,30,0,0,3,14,7,1,130,1820,1.26
836,13,30,0,0,4,14,7,1,130,1820,1.26
837,13,30,0,0,5,14,7,1,130,1820,1.26
838,13,30,0,0,6,14,7,1,130,1820,1.26
839,13,30,0,0,7,14,7,1,130,1820,1.26
840,13,30,0,0,8,14,7,1,130,1820,1.26
841,13,30,0,0,9,14,7,1,130,1820,1.26
842,13,30,0,0,10,14,7,1,130,1820,1.26
843,13,30,0,0,11,14,7,1,130,1820,1.26
844,13,30,0,0,12,14,7,1,130,1820,1.26
845,13,30,0,0,13,14,7,1,130,1820,1.26
846,13,30,0,0,14,14,7,1,130,1820,1.26
847,13,30,0,0,15,14,7,1,130,1820,1.26
848,13,30,0,0,16,14,7,1,130,1820,1.26
849,13,30,0,0,17,14,7,1,130,1820,1.26
850,13,30,0,0,18,14,7,1,130,1820,1.26
851,13,30,0,0,19,14,7,1,130,1820,1.26
852,13,30,0,0,20,14,7,1,130,1820,1.26
853,13,30,0,0,21,14,7,1,130,1820,1.26
854,13,30,0,0,22,14,7,1,130,1820,1.26
855,13,30,0,0,23,14,7,1,130,1820,1.26
856,13,30,0,0,24,14,7,1,130,1820,1.26
857,13,30,0,0,25,14,7,1,130,1820,1.26
858,13,30,0,0,26,14,7,1,130,1820,1.26
859,13,30,0,0,27,14,7,1,130,1820,1.26
860,13,30,0,0,28,14,7,1,130,1820,1.26
861,13,30,0,0,29,14,7,1,130,1820,1.26
862,13,30,0,0,30,14,7,1,130,1820,1.26
863,13,30,0,0,31,14,7,1,130,1820,1.26
864,13,30,0,0,32,14,7,1,130,1820,1.26
865,13,30,0,0,33,14,7,1,130,1820,1.26
866,13,30,0,0,34,14,7,1,130,1820,1.26
867,13,30,0,0,35,14,7,1,130,1820,1.26
868,13,30,0,0,36,14,7,1,130,1820,1.26
869,13,30,0,0,37,14,7,1,130,1820,1.26
870,13,30,0,0,38,14,7,1,130,1820,1.26
871,13,30,0,0,39,14,7,1,130,1820,1.26
872,13,30,0,0,40,14,7,1,130,1820,1.26
873,13,30,0,0,41,14,7,1,130,1820,1.26
874,13,30,0,0,42,14,7,1,130,1820,1.26
875,13,30,0,0,43,14,7,1,130,1820,1.26
876,13,30,0,0,44,14,7,1,130,1820,1.26
877,13,30,0,0,45,14,7,1,130,1820,1.26
878,13,30,0,0,46,14,7,1,130,1820,1.26
879,13,30,0,0,47,14,7,1,130,1820,1.26
880,13,30,0,0,48,14,7,1,130,1820,1.26
881,13,30,0,0,49,14,7,1,130,1820,1.26
882,13,30,0,0,50,14,7,1,130,1820,1.26
883,13,30,0,0,51,14,7,1,130,1820,1.26
884,13,30,0,0,52,14,7,1,130,1820,1.26
885,13,30,0,0,53,14,7,1,130,1820,1.26
886,13,30,0,0,54,14,7,1,130,1820,1.26
887,13,30,0,0,55,14,7,1,130,1820,1.26
888,13,30,0,0,56,14,7,1,130,1820,1.26
889,13,30,0,0,57,14,7,1,130,1820,1.26
890,13,30,0,0,58,14,7,1,130,1820,1.26
891,13,30,0,0,59,14,7,1,130,1820,1.26
892,13,30,0,0,60,14,7,1,130,1820,1.26
893,13,30,0,0,61,14,7,1,130,1820,1.26
894,13,30,0,0,62,14,7,1,130,1820,1.26
895,13,30,0,0,63,14,7,1,130,1820,1.26
896,14,40,0,0,0,14,7,1,140,1960,1.26
897,14,40,0,0,1,14,7,1,140,1960,1.26
898,14,40,0,0,2,14,7,1,140,1960,1.26
899,14,40,0,0,3,14,7,1,140,1960,1.26
900,14,40,0,0,4,14,7,1,140,1960,1.26
901,14,40,0,0,5,14,7,1,140,1960,1.26
902,14,40,0,0,6,14,7,1,140,1960,1.26
903,14,40,0,0,7,14,7,1,140,1960,1.26
904,14,40,0,0,8,14,7,1,140,1960,1.26
905,14,40,0,0,9,14,7,1,140,1960,1.26
906,14,40,0,0,10,14,7,1,140,1960,1.26
907,14,40,0,0,11,14,7,1,140,1960,1.26
908,14,40,0,0,12,14,7,1,140,1960,1.26
909,14,40,0,0,13,14,7,1,140,1960,1.26
910,14,40,0,0,14,14,7,1,140,1960,1.26
911,14,40,0,0,15,14,7,1,140,1960,1.26
912,14,40,0,0,16,14,7,1,140,1960,1.26
913,14,40,0,0,17,14,7,1,140,1960,1.26
914,14,40,0,0,18,14,7,1,140,1960,1.26
915,14,40,0,0,19,14,7,1,140,1960,1.26
916,14,40,0,0,20,14,7,1,140,1960,1.26
917,14,40,0,0,21,14,7,1,140,1960,1.26
918,14,40,0,0,22,14,7,1,140,1960,1.26
919,14,40,0,0,23,14,7,1,140,1960,1.26
920,14,40,0,0,24,14,7,1,140,1960,1.26
921,14,40,0,0,25,14,7,1,140,1960,1.26
922,14,40,0,0,26,14,7,1,140,1960,1.26
923,14,40,0,0,27,14,7,1,140,1960,1.26
924,14,40,0,0,28,14,7,1,140,1960,1.26
925,14,40,0,0,29,14,7,1,140,1960,1.26
926,14,40,0,0,30,14,7,1,140,1960,1.26
927,14,40,0,0,31,14,7,1,140,1960,1.26
928,14,40,0,0,32,14,7,1,140,1960,1.26
929,14,40,0,0,33,14,7,1,140,1960,1.26
930,14,40,0,0,34,14,7,1,140,1960,1.26
931,14,40,0,0,35,14,7,1,140,1960,1.26
932,14,40,0,0,36,14,7,1,140,1960,1.26
933,14,40,0,0,37,14,7,1,140,1960,1.26
934,14,40,0,0,38,14,7,1,140,1960,1.26
935,14,40,0,0,39,14,7,1,140,1960,1.26
936,14,40,0,0,40,14,7,1,140,1960,1.26
937,14,40,0,0,41,14,7,1,140,1960,1.26
938,14,40,0,0,42,14,7,1,140,1960,1.26
939,14,40,0,0,43,14,7,1,140,1960,1.26
940,14,40,0,0,44,14,7,1,140,1960,1.26
941,14,40,0,0,45,14,7,1,140,1960,1.26
942,14,40,0,0,46,14,7,1,140,1960,1.26
943,14,40,0,0,47,14,7,1,140,1960,1.26
944,14,40,0,0,48,14,7,1,140,1960,1.26
945,14,40,0,0,49,14,7,1,140,1960,1.26
946,14,40,0,0,50,14,7,1,140,1960,1.26
947,14,40,0,0,51,14,7,1,140,1960,1.26
948,14,40,0,0,52,14,7,1,140,1960,1.26
949,14,40,0,0,53,14,7,1,140,1960,1.26
950,14,40,0,0,54,14,7,1,140,1960,1.26
951,14,40,0,0,55,14,7,1,140,1960,1.26
952,14,40,0,0,56,14,7,1,140,1960,1.26
953,14,40,0,0,57,14,7,1,140,1960,1.26
954,14,40,0,0,58,14,7,1,140,1960,1.26
955,14,40,0,0,59,14,7,1,140,1960,1.26
956,14,40,0,0,60,14,7,1,140,1960,1.26
957,14,40,0,0,61,14,7,1,140,1960,1.26
958,14,40,0,0,62,14,7,1,140,1960,1.26
959,14,40,0,0,63,14,7,1,140,1960,1.26
960,15,50,0,0,0,14,7,1,150,2100,1.26
961,15,50,0,0,1,14,7,1,150,2100,1.26
962,15,50,0,0,2,14,7,1,150,2100,1.26
963,15,50,0,0,3,14,7,1,150,2100,1.26
964,15,50,0,0,4,14,7,1,150,2100,1.26
965,15,50,0,0,5,14,7,1,150,2100,1.26
966,15,50,0,0,6,14,7,1,150,2100,1.26
967,15,50,0,0,7,14,7,1,150,2100,1.26
968,15,50,0,0,8,14,7,1,150,2100,1.26
969,15,50,0,0,9,14,7,1,150,2100,1.26
970,15,50,0,0,10,14,7,1,150,2100,1.26
971,15,50,0,0,11,14,7,1,150,2100,1.26
972,15,50,0,0,12,14,7,1,150,2100,1.26
973,15,50,0,0,13,14,7,1,150,2100,1.26
974,15,50,0,0,14,14,7,1,150,2100,1.26
975,15,50,0,0,15,14,7,1,150,2100,1.26
976,15,50,0,0,16,14,7,1,150,2100,1.26
977,15,50,0,0,17,14,7,1,150,2100,1.26
978,15,50,0,0,18,14,7,1,150,2100,1.26
979,15,50,0,0,19,14,7,1,150,2100,1.26
980,15,50,0,0,20,14,7,1,150,2100,1.26
981,15,50,0,0,21,14,7,1,150,2100,1.26
982,15,50,0,0,22,14,7,1,150,2100,1.26
983,15,50,0,0,23,14,7,1,150,2100,1.26
984,15,50,0,0,24,14,7,1,150,2100,1.26
985,15,50,0,0,25,14,7,1,150,2100,1.26
986,15,50,0,0,26,14,7,1,150,2100,1.26
987,15,50,0,0,27,14,7,1,150,2100,1.26
988,15,50,0,0,28,14,7,1,150,2100,1.26
989,15,50,0,0,29,14,7,1,150,2100,1.26
990,15,50,0,0,30,14,7,1,150,2100,1.26
991,15,50,0,0,31,14,7,1,150,2100,1.26
992,15,50,0,0,32,14,7,1,150,2100,1.26
993,15,50,0,0,33,14,7,1,150,2100,1.26
994,15,50,0,0,34,14,7,1,150,2100,1.26
995,15,50,0,0,35,14,7,1,150,2100,1.26
996,15,50,0,0,36,14,7,1,150,2100,1.26
997,15,50,0,0,37,14,7,1,150,2100,1.26
998,15,50,0,0,38,14,7,1,150,2100,1.26
999,15,50,0,0,39,14,7,1,150,2100,1.26
1000,15,50,0,0,40,14,7,1,150,2100,1.26
1001,15,50,0,0,41,14,7,1,150,2100,1.26
1002,15,50,0,0,42,14,7,1,150,2100,1.26
1003,15,50,0,0,43,14,7,1,150,2100,1.26
1004,15,50,0,0,44,14,7,1,150,2100,1.26
1005,15,50,0,0,45,14,7,1,150,2100,1.26
1006,15,50,0,0,46,14,7,1,150,2100,1.26
1007,15,50,0,0,47,14,7,1,150,2100,1.26
1008,15,50,0,0,48,14,7,1,150,2100,1.26
1009,15,50,0,0,49,14,7,1,150,2100,1.26
1010,15,50,0,0,50,14,7,1,150,2100,1.26
1011,15,50,0,0,51,14,7,1,150,2100,1.26
1012,15,50,0,0,52,14,7,1,150,2100,1.26
1013,15,50,0,0,53,14,7,1,150,2100,1.26
1014,15,50,0,0,54,14,7,1,150,2100,1.26
1015,15,50,0,0,55,14,7,1,150,2100,1.26
1016,15,50,0,0,56,14,7,1,150,2100,1.26
1017,15,50,0,0,57,14,7,1,150,2100,1.26
1018,15,50,0,0,58,14,7,1,150,2100,1.26
1019,15,50,0,0,59,14,7,1,150,2100,1.26
1020,15,50,0,0,60,14,7,1,150,2100,1.26
1021,15,50,0,0,61,14,7,1,150,2100,1.26
1022,15,50,0,0,62,14,7,1,150,2100,1.26
1023,15,50,0,0,63,14,7,1,150,2100,1.26
1024,16,60,0,0,0,14,7,1,160,2240,1.26
1025,16,60,0,0,1,14,7,1,160,2240,1.26
1026,16,60,0,0,2,14,7,1,160,2240,1.26
1027,16,60,0,0,3,14,7,1,160,2240,1.26
1028,16,60,0,0,4,14,7,1,160,2240,1.26
1029,16,60,0,0,5,14,7,1,160,2240,1.26
1030,16,60,0,0,6,14,7,1,160,2240,1.26
1031,16,60,0,0,7,14,7,1,160,2240,1.26
1032,16,60,0,0,8,14,7,1,160,2240,1.26
1033,16,60,0,0,9,14,7,1,160,2240,1.26
1034,16,60,0,0,10,14,7,1,160,2240,1.26
1035,16,60,0,0,11,14,7,1,160,2240,1.26
1036,16,60,0,0,12,14,7,1,160,2240,1.26
1037,16,60,0,0,13,14,7,1,160,2240,1.26
1038,16,60,0,0,14,14,7,1,160,2240,1.26
1039,16,60,0,0,15,14,7,1,160,2240,1.26
1040,16,60,0,0,16,14,7,1,160,2240,1.26
1041,16,60,0,0,17,14,7,1,160,2240,1.26
1042,16,60,0,0,18,14,7,1,160,2240,1.26
1043,16,60,0,0,19,14,7,1,160,2240,1.26
1044,16,60,0,0,20,14,7,1,160,2240,1.26
1045,16,60,0,0,21,14,7,1,160,2240,1.26
1046,16,60,0,0,22,14,7,1,160,2240,1.26
1047,16,60,0,0,23,14,7,1,160,2240,1.26
1048,16,60,0,0,24,14,7,1,160,2240,1.26
1049,16,60,0,0,25,14,7,1,160,2240,1.26
1050,16,60,0,0,26,14,7,1,160,2240,1.26
1051,16,60,0,0,27,14,7,1,160,2240,1.26
1052,16,60,0,0,28,14,7,1,160,2240,1.26
1053,16,60,0,0,29,14,7,1,160,2240,1.26
1054,16,60,0,0,30,14,7,1,160,2240,1.26
1055,16,60,0,0,31,14,7,1,160,2240,1.26
1056,16,60,0,0,32,14,7,1,160,2240,1.26
1057,16,60,0,0,33,14,7,1,160,2240,1.26
1058,16,60,0,0,34,14,7,1,160,2240,1.26
1059,16,60,0,0,35,14,7,1,160,2240,1.26
1060,16,60,0,0,36,14,7,1,160,2240,1.26
1061,16,60,0,0,37,14,7,1,160,2240,1.26
1062,16,60,0,0,38,14,7,1,160,2240,1.26
1063,16,60,0,0,39,14,7,1,160,2240,1.26
1064,16,60,0,0,40,14,7,1,160,2240,1.26
1065,16,60,0,0,41,14,7,1,160,2240,1.26
1066,16,60,0,0,42,14,7,1,160,2240,1.26
1067,16,60,0,0,43,14,7,1,160,2240,1.26
1068,16,60,0,0,44,14,7,1,160,2240,1.26
1069,16,60,0,0,45,14,7,1,160,2240,1.26
1070,16,60,0,0,46,14,7,1,160,2240,1.26
1071,16,60,0,0,47,14,7,1,160,2240,1.26
1072,16,60,0,0,48,14,7,1,160,2240,1.26
1073,16,60,0,0,49,14,7,1,160,2240,1.26
1074,16,60,0,0,50,14,7,1,160,2240,1.26
1075,16,60,0,0,51,14,7,1,160,2240,1.26
1076,16,60,0,0,52,14,7,1,160,2240,1.26
1077,16,60,0,0,53,14,7,1,160,2240,1.26
1078,16,60,0,0,54,14,7,1,160,2240,1.26
1079,16,60,0,0,55,14,7,1,160,2240,1.26
1080,16,60,0,0,56,14,7,1,160,2240,1.26
1081,16,60,0,0,57,14,7,1,160,2240,1.26
1082,16,60,0,0,58,14,7,1,160,2240,1.26
1083,16,60,0,0,59,14,7,1,160,2240,1.26
1084,16,60,0,0,60,14,7,1,160,2240,1.26
1085,16,60,0,0,61,14,7,1,160,2240,1.26
1086,16,60,0,0,62,14,7,1,160,2240,1.26
1087,16,60,0,0,63,14,7,1,160,2240,1.26
1088,17,70,0,0,0,14,7,1,170,2380,1.26
1089,17,70,0,0,1,14,7,1,170,2380,1.26
1090,17,70,0,0,2,14,7,1,170,2380,1.26
1091,17,70,0,0,3,14,7,1,170,2380,1.26
1092,17,70,0,0,4,14,7,1,170,2380,1.26
1093,17,70,0,0,5,14,7,1,170,2380,1.26
1094,17,70,0,0,6,14,7,1,170,2380,1.26
1095,17,70,0,0,7,14,7,1,170,2380,1.26
1096,17,70,0,0,8,14,7,1,170,2380,1.26
1097,17,70,0,0,9,14,7,1,170,2380,1.26
1098,17,70,0,0,10,14,7,1,170,2380,1.26
1099,17,70,0,0,11,14,7,1,170,2380,1.26
1100,17,70,0,0,12,14,7,1,170,2380,1.26
1101,17,70,0,0,13,14,7,1,170,2380,1.26
1102,17,70,0,0,14,14,7,1,170,2380,1.26
1103,17,70,0,0,15,14,7,1,170,2380,1.26
1104,17,70,0,0,16,14,7,1,170,2380,1.26
1105,17,70,0,0,17,14,7,1,170,2380,1.26
1106,17,70,0,0,18,14,7,1,170,2380,1.26
1107,17,70,0,0,19,14,7,1,170,2380,1.26
1108,17,70,0,0,20,14,7,1,170,2380,1.26
1109,17,70,0,0,21,14,7,1,170,2380,1.26
1110,17,70,0,0,22,14,7,1,170,2380,1.26
1111,17,70,0,0,23,14,7,1,170,2380,1.26
1112,17,70,0,0,24,14,7,1,170,2380,1.26
1113,17,70,0,0,25,14,7,1,170,2380,1.26
1114,17,70,0,0,26,14,7,1,170,2380,1.26
1115,17,70,0,0,27,14,7,1,170,2380,1.26
1116,17,70,0,0,28,14,7,1,170,2380,1.26
1117,17,70,0,0,29,14,7,1,170,2380,1.26
1118,17,70,0,0,30,14,7,1,170,2380,1.26
1119,17,70,0,0,31,14,7,1,170,2380,1.26
1120,17,70,0,0,32,14,7,1,170,2380,1.26
1121,17,70,0,0,33,14,7,1,170,2380,1.26
1122,17,70,0,0,34,14,7,1,170,2380,1.26
1123,17,70,0,0,35,14,7,1,170,2380,1.26
1124,17,70,0,0,36,14,7,1,170,2380,1.26
1125,17,70,0,0,37,14,7,1,170,2380,1.26
1126,17,70,0,0,38,14,7,1,170,2380,1.26
1127,17,70,0,0,39,14,7,1,170,2380,1.26
1128,17,70,0,0,40,14,7,1,170,2380,1.26
1129,17,70,0,0,41,14,7,1,170,2380,1.26
1130,17,70,0,0,42,14,7,1,170,2380,1.26
1131,17,70,0,0,43,14,7,1,170,2380,1.26
1132,17,70,0,0,44,14,7,1,170,2380,1.26
1133,17,70,0,0,45,14,7,1,170,2380,1.26
1134,17,70,0,0,46,14,7,1,170,2380,1.26
1135,17,70,0,0,47,14,7,1,170,2380,1.26
1136,17,70,0,0,48,14,7,1,170,2380,1.26
1137,17,70,0,0,49,14,7,1,170,2380,1.26
1138,17,70,0,0,50,14,7,1,170,2380,1.26
1139,17,70,0,0,51,14,7,1,170,2380,1.26
1140,17,70,0,0,52,14,7,1,170,2380,1.26
1141,17,70,0,0,53,14,7,1,170,2380,1.26
1142,17,70,0,0,54,14,7,1,170,2380,1.26
1143,17,70,0,0,55,14,7,1,170,2380,1.26
1144,17,70,0,0,56,14,7,1,170,2380,1.26
1145,17,70,0,0,57,14,7,1,170,2380,1.26
1146,17,70,0,0,58,14,7,1,170,2380,1.26
1147,17,70,0,0,59,14,7,1,170,2380,1.26
1148,17,70,0,0,60,14,7,1,170,2380,1.26
1149,17,70,0,0,61,14,7,1,170,2380,1.26
1150,17,70,0,0,62,14,7,1,170,2380,1.26
1151,17,70,0,0,63,14,7,1,170,2380,1.26
1152,18,80,0,0,0,14,7,1,180,2520,1.26
1153,18,80,0,0,1,14,7,1,180,2520,1.26
1154,18,80,0,0,2,14,7,1,180,2520,1.26
1155,18,80,0,0,3,14,7,1,180,2520,1.26
1156,18,80,0,0,4,14,7,1,180,2520,1.26
1157,18,80,0,0,5,14,7,1,180,2520,1.26
1158,18,80,0,0,6,14,7,1,180,2520,1.26
1159,18,80,0,0,7,14,7,1,180,2520,1.26
1160,18,80,0,0,8,14,7,1,180,2520,1.26
1161,18,80,0,0,9,14,7,1,180,2520,1.26
1162,18,80,0,0,10,14,7,1,180,2520,1.26
1163,18,80,0,0,11,14,7,1,180,2520,1.26
1164,18,80,0,0,12,14,7,1,180,2520,1.26
1165,18,80,0,0,13,14,7,1,180,2520,1.26
1166,18,80,0,0,14,14,7,1,180,2520,1.26
1167,18,80,0,0,15,14,7,1,180,2520,1.26
1168,18,80,0,0,16,14,7,1,180,2520,1.26
1169,18,80,0,0,17,14,7,1,180,2520,1.26
1170,18,80,0,0,18,14,7,1,180,2520,1.26
1171,18,80,0,0,19,14,7,1,180,2520,1.26
1172,18,80,0,0,20,14,7,1,180,2520,1.26
1173,18,80,0,0,21,14,7,1,180,2520,1.26
1174,18,80,0,0,22,14,7,1,180,2520,1.26
1175,18,80,0,0,23,14,7,1,180,2520,1.26
1176,18,80,0,0,24,14,7,1,180,2520,1.26
1177,18,80,0,0,25,14,7,1,180,2520,1.26
1178,18,80,0,0,26,14,7,1,180,2520,1.26
1179,18,80,0,0,27,14,7,1,180,2520,1.26
1180,18,80,0,0,28,14,7,1,180,2520,1.26
1181,18,80,0,0,29,14,7,1,180,2520,1.26
1182,18,80,0,0,30,14,7,1,180,2520,1.26
1183,18,80,0,0,31,14,7,1,180,2520,1.26
1184,18,80,0,0,32,14,7,1,180,2520,1.26
1185,18,80,0,0,33,14,7,1,180,2520,1.26
1186,18,80,0,0,34,14,7,1,180,2520,1.26
1187,18,80,0,0,35,14,7,1,180,2520,1.26
1188,18,80,0,0,36,14,7,1,180,2520,1.26
1189,18,80,0,0,37,14,7,1,180,2520,1.26
1190,18,80,0,0,38,14,7,1,180,2520,1.26
1191,18,80,0,0,39,14,7,1,180,2520,1.26
1192,18,80,0,0,40,14,7,1,180,2520,1.26
1193,18,80,0,0,41,14,7,1,180,2520,1.26
1194,18,80,0,0,42,14,7,1,180,2520,1.26
1195,18,80,0,0,43,14,7,1,180,2520,1.26
1196,18,80,0,0,44,14,7,1,180,2520,1.26
1197,18,80,0,0,45,14,7,1,180,2520,1.26
1198,18,80,0,0,46,14,7,1,180,2520,1.26
1199,18,80,0,0,47,14,7,1,180,2520,1.26
1200,18,80,0,0,48,14,7,1,180,2520,1.26
1201,18,80,0,0,49,14,7,1,180,2520,1.26
1202,18,80,0,0,50,14,7,1,180,2520,1.26
1203,18,80,0,0,51,14,7,1,180,2520,1.26
1204,18,80,0,0,52,14,7,1,180,2520,1.26
1205,18,80,0,0,53,14,7,1,180,2520,1.26
1206,18,80,0,0,54,14,7,1,180,2520,1.26
1207,18,80,0,0,55,14,7,1,180,2520,1.26
1208,18,80,0,0,56,14,7,1,180,2520,1.26
1209,18,80,0,0,57,14,7,1,180,2520,1.26
1210,18,80,0,0,58,14,7,1,180,2520,1.26
1211,18,80,0,0,59,14,7,1,180,2520,1.26
1212,18,80,0,0,60,14,7,1,180,2520,1.26
1213,18,80,0,0,61,14,7,1,180,2520,1.26
1214,18,80,0,0,62,14,7,1,180,2520,1.26
1215,18,80,0,0,63,14,7,1,180,2520,1.26
1216,19,90,0,0,0,14,7,1,190,2660,1.26
1217,19,90,0,0,1,14,7,1,190,2660,1.26
1218,19,90,0,0,2,14,7,1,190,2660,1.26
1219,19,90,0,0,3,14,7,1,190,2660,1.26
1220,19,90,0,0,4,14,7,1,190,2660,1.26
1221,19,90,0,0,5,14,7,1,190,2660,1.26
1222,19,90,0,0,6,14,7,1,190,2660,1.26
1223,19,90,0,0,7,14,7,1,190,2660,1.26
1224,19,90,0,0,8,14,7,1,190,2660,1.26
1225,19,90,0,0,9,14,7,1,190,2660,1.26
1226,19,90,0,0,10,14,7,1,190,2660,1.26
1227,19,90,0,0,11,14,7,1,190,2660,1.26
1228,19,90,0,0,12,14,7,1,190,2660,1.26
1229,19,90,0,0,13,14,7,1,190,2660,1.26
1230,19,90,0,0,14,14,7,1,190,2660,1.26
1231,19,90,0,0,15,14,7,1,190,2660,1.26
1232,19,90,0,0,16,14,7,1,190,2660,1.26
1233,19,90,0,0,17,14,7,1,190,2660,1.26
1234,19,90,0,0,18,14,7,1,190,2660,1.26
1235,19,90,0,0,19,14,7,1,190,2660,1.26
1236,19,90,0,0,20,14,7,1,190,2660,1.26
1237,19,90,0,0,21,14,7,1,190,2660,1.26
1238,19,90,0,0,22,14,7,1,190,2660,1.26
1239,19,90,0,0,23,14,7,1,190,2660,1.26
1240,19,90,0,0,24,14,7,1,190,2660,1.26
1241,19,90,0,0,25,14,7,1,190,2660,1.26
1242,19,90,0,0,26,14,7,1,190,2660,1.26
1243,19,90,0,0,27,14,7,1,190,2660,1.26
1244,19,90,0,0,28,14,7,1,190,2660,1.26
1245,19,90,0,0,29,14,7,1,190,2660,1.26
1246,19,90,0,0,30,14,7,1,190,2660,1.26
1247,19,90,0,0,31,14,7,1,190,2660,1.26
1248,19,90,0,0,32,14,7,1,190,2660,1.26
1249,19,90,0,0,33,14,7,1,190,2660,1.26
1250,19,90,0,0,34,14,7,1,190,2660,1.26
1251,19,90,0,0,35,14,7,1,190,2660,1.26
1252,19,90,0,0,36,14,7,1,190,2660,1.26
1253,19,90,0,0,37,14,7,1,190,2660,1.26
1254,19,90,0,0,38,14,7,1,190,2660,1.26
1255,19,90,0,0,39,14,7,1,190,2660,1.26
1256,19,90,0,0,40,14,7,1,190,2660,1.26
1257,19,90,0,0,41,14,7,1,190,2660,1.26
1258,19,90,0,0,42,14,7,1,190,2660,1.26
1259,19,90,0,0,43,14,7,1,190,2660,1.26
1260,19,90,0,0,44,14,7,1,190,2660,1.26
1261,19,90,0,0,45,14,7,1,190,2660,1.26
1262,19,90,0,0,46,14,7,1,190,2660,1.26
1263,19,90,0,0,47,14,7,1,190,2660,1.26
1264,19,90,0,0,48,14,7,1,190,2660,1.26
1265,19,90,0,0,49,14,7,1,190,2660,1.26
1266,19,90,0,0,50,14,7,1,190,2660,1.26
1267,19,90,0,0,51,14,7,1,190,2660,1.26
1268,19,90,0,0,52,14,7,1,190,2660,1.26
1269,19,90,0,0,53,14,7,1,190,2660,1.26
1270,19,90,0,0,54,14,7,1,190,2660,1.26
1271,19,90,0,0,55,14,7,1,190,2660,1.26
1272,19,90,0,0,56,14,7,1,190,2660,1.26
1273,19,90,0,0,57,14,7,1,190,2660,1.26
1274,19,90,0,0,58,14,7,1,190,2660,1.26
1275,19,90,0,0,59,14,7,1,190,2660,1.26
1276,19,90,0,0,60,14,7,1,190,2660,1.26
1277,19,90,0,0,61,14,7,1,190,2660,1.26
1278,19,90,0,0,62,14,7,1,190,2660,1.26
1279,19,90,0,0,63,14,7,1,190,2660,1.26
