occasion_id,frame,subframe,slot,symbol,preamble_index,rb_start,rb_end,rb_count,subcarrier_start,subcarrier_end,time_index,frequency_label
0,0,0,0,0,0,7,12,6,84,155,0,7-12 RB
1,0,0,0,0,1,7,12,6,84,155,0,7-12 RB
2,0,0,0,0,2,7,12,6,84,155,0,7-12 RB
3,0,0,0,0,3,7,12,6,84,155,0,7-12 RB
4,0,0,0,0,4,7,12,6,84,155,0,7-12 RB
5,0,0,0,0,5,7,12,6,84,155,0,7-12 RB
6,0,0,0,0,6,7,12,6,84,155,0,7-12 RB
7,0,0,0,0,7,7,12,6,84,155,0,7-12 RB
8,0,0,0,0,8,7,12,6,84,155,0,7-12 RB
9,0,0,0,0,9,7,12,6,84,155,0,7-12 RB
10,0,0,0,0,10,7,12,6,84,155,0,7-12 RB
11,0,0,0,0,11,7,12,6,84,155,0,7-12 RB
12,0,0,0,0,12,7,12,6,84,155,0,7-12 RB
13,0,0,0,0,13,7,12,6,84,155,0,7-12 RB
14,0,0,0,0,14,7,12,6,84,155,0,7-12 RB
15,0,0,0,0,15,7,12,6,84,155,0,7-12 RB
16,0,0,0,0,16,7,12,6,84,155,0,7-12 RB
17,0,0,0,0,17,7,12,6,84,155,0,7-12 RB
18,0,0,0,0,18,7,12,6,84,155,0,7-12 RB
19,0,0,0,0,19,7,12,6,84,155,0,7-12 RB
20,0,0,0,0,20,7,12,6,84,155,0,7-12 RB
21,0,0,0,0,21,7,12,6,84,155,0,7-12 RB
22,0,0,0,0,22,7,12,6,84,155,0,7-12 RB
23,0,0,0,0,23,7,12,6,84,155,0,7-12 RB
24,0,0,0,0,24,7,12,6,84,155,0,7-12 RB
25,0,0,0,0,25,7,12,6,84,155,0,7-12 RB
26,0,0,0,0,26,7,12,6,84,155,0,7-12 RB
27,0,0,0,0,27,7,12,6,84,155,0,7-12 RB
28,0,0,0,0,28,7,12,6,84,155,0,7-12 RB
29,0,0,0,0,29,7,12,6,84,155,0,7-12 RB
30,0,0,0,0,30,7,12,6,84,155,0,7-12 RB
31,0,0,0,0,31,7,12,6,84,155,0,7-12 RB
32,0,0,0,0,32,7,12,6,84,155,0,7-12 RB
33,0,0,0,0,33,7,12,6,84,155,0,7-12 RB
34,0,0,0,0,34,7,12,6,84,155,0,7-12 RB
35,0,0,0,0,35,7,12,6,84,155,0,7-12 RB
36,0,0,0,0,36,7,12,6,84,155,0,7-12 RB
37,0,0,0,0,37,7,12,6,84,155,0,7-12 RB
38,0,0,0,0,38,7,12,6,84,155,0,7-12 RB
39,0,0,0,0,39,7,12,6,84,155,0,7-12 RB
40,0,0,0,0,40,7,12,6,84,155,0,7-12 RB
41,0,0,0,0,41,7,12,6,84,155,0,7-12 RB
42,0,0,0,0,42,7,12,6,84,155,0,7-12 RB
43,0,0,0,0,43,7,12,6,84,155,0,7-12 RB
44,0,0,0,0,44,7,12,6,84,155,0,7-12 RB
45,0,0,0,0,45,7,12,6,84,155,0,7-12 RB
46,0,0,0,0,46,7,12,6,84,155,0,7-12 RB
47,0,0,0,0,47,7,12,6,84,155,0,7-12 RB
48,0,0,0,0,48,7,12,6,84,155,0,7-12 RB
49,0,0,0,0,49,7,12,6,84,155,0,7-12 RB
50,0,0,0,0,50,7,12,6,84,155,0,7-12 RB
51,0,0,0,0,51,7,12,6,84,155,0,7-12 RB
52,0,0,0,0,52,7,12,6,84,155,0,7-12 RB
53,0,0,0,0,53,7,12,6,84,155,0,7-12 RB
54,0,0,0,0,54,7,12,6,84,155,0,7-12 RB
55,0,0,0,0,55,7,12,6,84,155,0,7-12 RB
56,0,0,0,0,56,7,12,6,84,155,0,7-12 RB
57,0,0,0,0,57,7,12,6,84,155,0,7-12 RB
58,0,0,0,0,58,7,12,6,84,155,0,7-12 RB
59,0,0,0,0,59,7,12,6,84,155,0,7-12 RB
60,0,0,0,0,60,7,12,6,84,155,0,7-12 RB
61,0,0,0,0,61,7,12,6,84,155,0,7-12 RB
62,0,0,0,0,62,7,12,6,84,155,0,7-12 RB
63,0,0,0,0,63,7,12,6,84,155,0,7-12 RB
64,1,1,0,0,0,7,12,6,84,155,140,7-12 RB
65,1,1,0,0,1,7,12,6,84,155,140,7-12 RB
66,1,1,0,0,2,7,12,6,84,155,140,7-12 RB
67,1,1,0,0,3,7,12,6,84,155,140,7-12 RB
68,1,1,0,0,4,7,12,6,84,155,140,7-12 RB
69,1,1,0,0,5,7,12,6,84,155,140,7-12 RB
70,1,1,0,0,6,7,12,6,84,155,140,7-12 RB
71,1,1,0,0,7,7,12,6,84,155,140,7-12 RB
72,1,1,0,0,8,7,12,6,84,155,140,7-12 RB
73,1,1,0,0,9,7,12,6,84,155,140,7-12 RB
74,1,1,0,0,10,7,12,6,84,155,140,7-12 RB
75,1,1,0,0,11,7,12,6,84,155,140,7-12 RB
76,1,1,0,0,12,7,12,6,84,155,140,7-12 RB
77,1,1,0,0,13,7,12,6,84,155,140,7-12 RB
78,1,1,0,0,14,7,12,6,84,155,140,7-12 RB
79,1,1,0,0,15,7,12,6,84,155,140,7-12 RB
80,1,1,0,0,16,7,12,6,84,155,140,7-12 RB
81,1,1,0,0,17,7,12,6,84,155,140,7-12 RB
82,1,1,0,0,18,7,12,6,84,155,140,7-12 RB
83,1,1,0,0,19,7,12,6,84,155,140,7-12 RB
84,1,1,0,0,20,7,12,6,84,155,140,7-12 RB
85,1,1,0,0,21,7,12,6,84,155,140,7-12 RB
86,1,1,0,0,22,7,12,6,84,155,140,7-12 RB
87,1,1,0,0,23,7,12,6,84,155,140,7-12 RB
88,1,1,0,0,24,7,12,6,84,155,140,7-12 RB
89,1,1,0,0,25,7,12,6,84,155,140,7-12 RB
90,1,1,0,0,26,7,12,6,84,155,140,7-12 RB
91,1,1,0,0,27,7,12,6,84,155,140,7-12 RB
92,1,1,0,0,28,7,12,6,84,155,140,7-12 RB
93,1,1,0,0,29,7,12,6,84,155,140,7-12 RB
94,1,1,0,0,30,7,12,6,84,155,140,7-12 RB
95,1,1,0,0,31,7,12,6,84,155,140,7-12 RB
96,1,1,0,0,32,7,12,6,84,155,140,7-12 RB
97,1,1,0,0,33,7,12,6,84,155,140,7-12 RB
98,1,1,0,0,34,7,12,6,84,155,140,7-12 RB
99,1,1,0,0,35,7,12,6,84,155,140,7-12 RB
100,1,1,0,0,36,7,12,6,84,155,140,7-12 RB
101,1,1,0,0,37,7,12,6,84,155,140,7-12 RB
102,1,1,0,0,38,7,12,6,84,155,140,7-12 RB
103,1,1,0,0,39,7,12,6,84,155,140,7-12 RB
104,1,1,0,0,40,7,12,6,84,155,140,7-12 RB
105,1,1,0,0,41,7,12,6,84,155,140,7-12 RB
106,1,1,0,0,42,7,12,6,84,155,140,7-12 RB
107,1,1,0,0,43,7,12,6,84,155,140,7-12 RB
108,1,1,0,0,44,7,12,6,84,155,140,7-12 RB
109,1,1,0,0,45,7,12,6,84,155,140,7-12 RB
110,1,1,0,0,46,7,12,6,84,155,140,7-12 RB
111,1,1,0,0,47,7,12,6,84,155,140,7-12 RB
112,1,1,0,0,48,7,12,6,84,155,140,7-12 RB
113,1,1,0,0,49,7,12,6,84,155,140,7-12 RB
114,1,1,0,0,50,7,12,6,84,155,140,7-12 RB
115,1,1,0,0,51,7,12,6,84,155,140,7-12 RB
116,1,1,0,0,52,7,12,6,84,155,140,7-12 RB
117,1,1,0,0,53,7,12,6,84,155,140,7-12 RB
118,1,1,0,0,54,7,12,6,84,155,140,7-12 RB
119,1,1,0,0,55,7,12,6,84,155,140,7-12 RB
120,1,1,0,0,56,7,12,6,84,155,140,7-12 RB
121,1,1,0,0,57,7,12,6,84,155,140,7-12 RB
122,1,1,0,0,58,7,12,6,84,155,140,7-12 RB
123,1,1,0,0,59,7,12,6,84,155,140,7-12 RB
124,1,1,0,0,60,7,12,6,84,155,140,7-12 RB
125,1,1,0,0,61,7,12,6,84,155,140,7-12 RB
126,1,1,0,0,62,7,12,6,84,155,140,7-12 RB
127,1,1,0,0,63,7,12,6,84,155,140,7-12 RB
128,2,2,0,0,0,7,12,6,84,155,280,7-12 RB
129,2,2,0,0,1,7,12,6,84,155,280,7-12 RB
130,2,2,0,0,2,7,12,6,84,155,280,7-12 RB
131,2,2,0,0,3,7,12,6,84,155,280,7-12 RB
132,2,2,0,0,4,7,12,6,84,155,280,7-12 RB
133,2,2,0,0,5,7,12,6,84,155,280,7-12 RB
134,2,2,0,0,6,7,12,6,84,155,280,7-12 RB
135,2,2,0,0,7,7,12,6,84,155,280,7-12 RB
136,2,2,0,0,8,7,12,6,84,155,280,7-12 RB
137,2,2,0,0,9,7,12,6,84,155,280,7-12 RB
138,2,2,0,0,10,7,12,6,84,155,280,7-12 RB
139,2,2,0,0,11,7,12,6,84,155,280,7-12 RB
140,2,2,0,0,12,7,12,6,84,155,280,7-12 RB
141,2,2,0,0,13,7,12,6,84,155,280,7-12 RB
142,2,2,0,0,14,7,12,6,84,155,280,7-12 RB
143,2,2,0,0,15,7,12,6,84,155,280,7-12 RB
144,2,2,0,0,16,7,12,6,84,155,280,7-12 RB
145,2,2,0,0,17,7,12,6,84,155,280,7-12 RB
146,2,2,0,0,18,7,12,6,84,155,280,7-12 RB
147,2,2,0,0,19,7,12,6,84,155,280,7-12 RB
148,2,2,0,0,20,7,12,6,84,155,280,7-12 RB
149,2,2,0,0,21,7,12,6,84,155,280,7-12 RB
150,2,2,0,0,22,7,12,6,84,155,280,7-12 RB
151,2,2,0,0,23,7,12,6,84,155,280,7-12 RB
152,2,2,0,0,24,7,12,6,84,155,280,7-12 RB
153,2,2,0,0,25,7,12,6,84,155,280,7-12 RB
154,2,2,0,0,26,7,12,6,84,155,280,7-12 RB
155,2,2,0,0,27,7,12,6,84,155,280,7-12 RB
156,2,2,0,0,28,7,12,6,84,155,280,7-12 RB
157,2,2,0,0,29,7,12,6,84,155,280,7-12 RB
158,2,2,0,0,30,7,12,6,84,155,280,7-12 RB
159,2,2,0,0,31,7,12,6,84,155,280,7-12 RB
160,2,2,0,0,32,7,12,6,84,155,280,7-12 RB
161,2,2,0,0,33,7,12,6,84,155,280,7-12 RB
162,2,2,0,0,34,7,12,6,84,155,280,7-12 RB
163,2,2,0,0,35,7,12,6,84,155,280,7-12 RB
164,2,2,0,0,36,7,12,6,84,155,280,7-12 RB
165,2,2,0,0,37,7,12,6,84,155,280,7-12 RB
166,2,2,0,0,38,7,12,6,84,155,280,7-12 RB
167,2,2,0,0,39,7,12,6,84,155,280,7-12 RB
168,2,2,0,0,40,7,12,6,84,155,280,7-12 RB
169,2,2,0,0,41,7,12,6,84,155,280,7-12 RB
170,2,2,0,0,42,7,12,6,84,155,280,7-12 RB
171,2,2,0,0,43,7,12,6,84,155,280,7-12 RB
172,2,2,0,0,44,7,12,6,84,155,280,7-12 RB
173,2,2,0,0,45,7,12,6,84,155,280,7-12 RB
174,2,2,0,0,46,7,12,6,84,155,280,7-12 RB
175,2,2,0,0,47,7,12,6,84,155,280,7-12 RB
176,2,2,0,0,48,7,12,6,84,155,280,7-12 RB
177,2,2,0,0,49,7,12,6,84,155,280,7-12 RB
178,2,2,0,0,50,7,12,6,84,155,280,7-12 RB
179,2,2,0,0,51,7,12,6,84,155,280,7-12 RB
180,2,2,0,0,52,7,12,6,84,155,280,7-12 RB
181,2,2,0,0,53,7,12,6,84,155,280,7-12 RB
182,2,2,0,0,54,7,12,6,84,155,280,7-12 RB
183,2,2,0,0,55,7,12,6,84,155,280,7-12 RB
184,2,2,0,0,56,7,12,6,84,155,280,7-12 RB
185,2,2,0,0,57,7,12,6,84,155,280,7-12 RB
186,2,2,0,0,58,7,12,6,84,155,280,7-12 RB
187,2,2,0,0,59,7,12,6,84,155,280,7-12 RB
188,2,2,0,0,60,7,12,6,84,155,280,7-12 RB
189,2,2,0,0,61,7,12,6,84,155,280,7-12 RB
190,2,2,0,0,62,7,12,6,84,155,280,7-12 RB
191,2,2,0,0,63,7,12,6,84,155,280,7-12 RB
192,3,3,0,0,0,7,12,6,84,155,420,7-12 RB
193,3,3,0,0,1,7,12,6,84,155,420,7-12 RB
194,3,3,0,0,2,7,12,6,84,155,420,7-12 RB
195,3,3,0,0,3,7,12,6,84,155,420,7-12 RB
196,3,3,0,0,4,7,12,6,84,155,420,7-12 RB
197,3,3,0,0,5,7,12,6,84,155,420,7-12 RB
198,3,3,0,0,6,7,12,6,84,155,420,7-12 RB
199,3,3,0,0,7,7,12,6,84,155,420,7-12 RB
200,3,3,0,0,8,7,12,6,84,155,420,7-12 RB
201,3,3,0,0,9,7,12,6,84,155,420,7-12 RB
202,3,3,0,0,10,7,12,6,84,155,420,7-12 RB
203,3,3,0,0,11,7,12,6,84,155,420,7-12 RB
204,3,3,0,0,12,7,12,6,84,155,420,7-12 RB
205,3,3,0,0,13,7,12,6,84,155,420,7-12 RB
206,3,3,0,0,14,7,12,6,84,155,420,7-12 RB
207,3,3,0,0,15,7,12,6,84,155,420,7-12 RB
208,3,3,0,0,16,7,12,6,84,155,420,7-12 RB
209,3,3,0,0,17,7,12,6,84,155,420,7-12 RB
210,3,3,0,0,18,7,12,6,84,155,420,7-12 RB
211,3,3,0,0,19,7,12,6,84,155,420,7-12 RB
212,3,3,0,0,20,7,12,6,84,155,420,7-12 RB
213,3,3,0,0,21,7,12,6,84,155,420,7-12 RB
214,3,3,0,0,22,7,12,6,84,155,420,7-12 RB
215,3,3,0,0,23,7,12,6,84,155,420,7-12 RB
216,3,3,0,0,24,7,12,6,84,155,420,7-12 RB
217,3,3,0,0,25,7,12,6,84,155,420,7-12 RB
218,3,3,0,0,26,7,12,6,84,155,420,7-12 RB
219,3,3,0,0,27,7,12,6,84,155,420,7-12 RB
220,3,3,0,0,28,7,12,6,84,155,420,7-12 RB
221,3,3,0,0,29,7,12,6,84,155,420,7-12 RB
222,3,3,0,0,30,7,12,6,84,155,420,7-12 RB
223,3,3,0,0,31,7,12,6,84,155,420,7-12 RB
224,3,3,0,0,32,7,12,6,84,155,420,7-12 RB
225,3,3,0,0,33,7,12,6,84,155,420,7-12 RB
226,3,3,0,0,34,7,12,6,84,155,420,7-12 RB
227,3,3,0,0,35,7,12,6,84,155,420,7-12 RB
228,3,3,0,0,36,7,12,6,84,155,420,7-12 RB
229,3,3,0,0,37,7,12,6,84,155,420,7-12 RB
230,3,3,0,0,38,7,12,6,84,155,420,7-12 RB
231,3,3,0,0,39,7,12,6,84,155,420,7-12 RB
232,3,3,0,0,40,7,12,6,84,155,420,7-12 RB
233,3,3,0,0,41,7,12,6,84,155,420,7-12 RB
234,3,3,0,0,42,7,12,6,84,155,420,7-12 RB
235,3,3,0,0,43,7,12,6,84,155,420,7-12 RB
236,3,3,0,0,44,7,12,6,84,155,420,7-12 RB
237,3,3,0,0,45,7,12,6,84,155,420,7-12 RB
238,3,3,0,0,46,7,12,6,84,155,420,7-12 RB
239,3,3,0,0,47,7,12,6,84,155,420,7-12 RB
240,3,3,0,0,48,7,12,6,84,155,420,7-12 RB
241,3,3,0,0,49,7,12,6,84,155,420,7-12 RB
242,3,3,0,0,50,7,12,6,84,155,420,7-12 RB
243,3,3,0,0,51,7,12,6,84,155,420,7-12 RB
244,3,3,0,0,52,7,12,6,84,155,420,7-12 RB
245,3,3,0,0,53,7,12,6,84,155,420,7-12 RB
246,3,3,0,0,54,7,12,6,84,155,420,7-12 RB
247,3,3,0,0,55,7,12,6,84,155,420,7-12 RB
248,3,3,0,0,56,7,12,6,84,155,420,7-12 RB
249,3,3,0,0,57,7,12,6,84,155,420,7-12 RB
250,3,3,0,0,58,7,12,6,84,155,420,7-12 RB
251,3,3,0,0,59,7,12,6,84,155,420,7-12 RB
252,3,3,0,0,60,7,12,6,84,155,420,7-12 RB
253,3,3,0,0,61,7,12,6,84,155,420,7-12 RB
254,3,3,0,0,62,7,12,6,84,155,420,7-12 RB
255,3,3,0,0,63,7,12,6,84,155,420,7-12 RB
256,4,4,0,0,0,7,12,6,84,155,560,7-12 RB
257,4,4,0,0,1,7,12,6,84,155,560,7-12 RB
258,4,4,0,0,2,7,12,6,84,155,560,7-12 RB
259,4,4,0,0,3,7,12,6,84,155,560,7-12 RB
260,4,4,0,0,4,7,12,6,84,155,560,7-12 RB
261,4,4,0,0,5,7,12,6,84,155,560,7-12 RB
262,4,4,0,0,6,7,12,6,84,155,560,7-12 RB
263,4,4,0,0,7,7,12,6,84,155,560,7-12 RB
264,4,4,0,0,8,7,12,6,84,155,560,7-12 RB
265,4,4,0,0,9,7,12,6,84,155,560,7-12 RB
266,4,4,0,0,10,7,12,6,84,155,560,7-12 RB
267,4,4,0,0,11,7,12,6,84,155,560,7-12 RB
268,4,4,0,0,12,7,12,6,84,155,560,7-12 RB
269,4,4,0,0,13,7,12,6,84,155,560,7-12 RB
270,4,4,0,0,14,7,12,6,84,155,560,7-12 RB
271,4,4,0,0,15,7,12,6,84,155,560,7-12 RB
272,4,4,0,0,16,7,12,6,84,155,560,7-12 RB
273,4,4,0,0,17,7,12,6,84,155,560,7-12 RB
274,4,4,0,0,18,7,12,6,84,155,560,7-12 RB
275,4,4,0,0,19,7,12,6,84,155,560,7-12 RB
276,4,4,0,0,20,7,12,6,84,155,560,7-12 RB
277,4,4,0,0,21,7,12,6,84,155,560,7-12 RB
278,4,4,0,0,22,7,12,6,84,155,560,7-12 RB
279,4,4,0,0,23,7,12,6,84,155,560,7-12 RB
280,4,4,0,0,24,7,12,6,84,155,560,7-12 RB
281,4,4,0,0,25,7,12,6,84,155,560,7-12 RB
282,4,4,0,0,26,7,12,6,84,155,560,7-12 RB
283,4,4,0,0,27,7,12,6,84,155,560,7-12 RB
284,4,4,0,0,28,7,12,6,84,155,560,7-12 RB
285,4,4,0,0,29,7,12,6,84,155,560,7-12 RB
286,4,4,0,0,30,7,12,6,84,155,560,7-12 RB
287,4,4,0,0,31,7,12,6,84,155,560,7-12 RB
288,4,4,0,0,32,7,12,6,84,155,560,7-12 RB
289,4,4,0,0,33,7,12,6,84,155,560,7-12 RB
290,4,4,0,0,34,7,12,6,84,155,560,7-12 RB
291,4,4,0,0,35,7,12,6,84,155,560,7-12 RB
292,4,4,0,0,36,7,12,6,84,155,560,7-12 RB
293,4,4,0,0,37,7,12,6,84,155,560,7-12 RB
294,4,4,0,0,38,7,12,6,84,155,560,7-12 RB
295,4,4,0,0,39,7,12,6,84,155,560,7-12 RB
296,4,4,0,0,40,7,12,6,84,155,560,7-12 RB
297,4,4,0,0,41,7,12,6,84,155,560,7-12 RB
298,4,4,0,0,42,7,12,6,84,155,560,7-12 RB
299,4,4,0,0,43,7,12,6,84,155,560,7-12 RB
300,4,4,0,0,44,7,12,6,84,155,560,7-12 RB
301,4,4,0,0,45,7,12,6,84,155,560,7-12 RB
302,4,4,0,0,46,7,12,6,84,155,560,7-12 RB
303,4,4,0,0,47,7,12,6,84,155,560,7-12 RB
304,4,4,0,0,48,7,12,6,84,155,560,7-12 RB
305,4,4,0,0,49,7,12,6,84,155,560,7-12 RB
306,4,4,0,0,50,7,12,6,84,155,560,7-12 RB
307,4,4,0,0,51,7,12,6,84,155,560,7-12 RB
308,4,4,0,0,52,7,12,6,84,155,560,7-12 RB
309,4,4,0,0,53,7,12,6,84,155,560,7-12 RB
310,4,4,0,0,54,7,12,6,84,155,560,7-12 RB
311,4,4,0,0,55,7,12,6,84,155,560,7-12 RB
312,4,4,0,0,56,7,12,6,84,155,560,7-12 RB
313,4,4,0,0,57,7,12,6,84,155,560,7-12 RB
314,4,4,0,0,58,7,12,6,84,155,560,7-12 RB
315,4,4,0,0,59,7,12,6,84,155,560,7-12 RB
316,4,4,0,0,60,7,12,6,84,155,560,7-12 RB
317,4,4,0,0,61,7,12,6,84,155,560,7-12 RB
318,4,4,0,0,62,7,12,6,84,155,560,7-12 RB
319,4,4,0,0,63,7,12,6,84,155,560,7-12 RB
320,5,5,0,0,0,7,12,6,84,155,700,7-12 RB
321,5,5,0,0,1,7,12,6,84,155,700,7-12 RB
322,5,5,0,0,2,7,12,6,84,155,700,7-12 RB
323,5,5,0,0,3,7,12,6,84,155,700,7-12 RB
324,5,5,0,0,4,7,12,6,84,155,700,7-12 RB
325,5,5,0,0,5,7,12,6,84,155,700,7-12 RB
326,5,5,0,0,6,7,12,6,84,155,700,7-12 RB
327,5,5,0,0,7,7,12,6,84,155,700,7-12 RB
328,5,5,0,0,8,7,12,6,84,155,700,7-12 RB
329,5,5,0,0,9,7,12,6,84,155,700,7-12 RB
330,5,5,0,0,10,7,12,6,84,155,700,7-12 RB
331,5,5,0,0,11,7,12,6,84,155,700,7-12 RB
332,5,5,0,0,12,7,12,6,84,155,700,7-12 RB
333,5,5,0,0,13,7,12,6,84,155,700,7-12 RB
334,5,5,0,0,14,7,12,6,84,155,700,7-12 RB
335,5,5,0,0,15,7,12,6,84,155,700,7-12 RB
336,5,5,0,0,16,7,12,6,84,155,700,7-12 RB
337,5,5,0,0,17,7,12,6,84,155,700,7-12 RB
338,5,5,0,0,18,7,12,6,84,155,700,7-12 RB
339,5,5,0,0,19,7,12,6,84,155,700,7-12 RB
340,5,5,0,0,20,7,12,6,84,155,700,7-12 RB
341,5,5,0,0,21,7,12,6,84,155,700,7-12 RB
342,5,5,0,0,22,7,12,6,84,155,700,7-12 RB
343,5,5,0,0,23,7,12,6,84,155,700,7-12 RB
344,5,5,0,0,24,7,12,6,84,155,700,7-12 RB
345,5,5,0,0,25,7,12,6,84,155,700,7-12 RB
346,5,5,0,0,26,7,12,6,84,155,700,7-12 RB
347,5,5,0,0,27,7,12,6,84,155,700,7-12 RB
348,5,5,0,0,28,7,12,6,84,155,700,7-12 RB
349,5,5,0,0,29,7,12,6,84,155,700,7-12 RB
350,5,5,0,0,30,7,12,6,84,155,700,7-12 RB
351,5,5,0,0,31,7,12,6,84,155,700,7-12 RB
352,5,5,0,0,32,7,12,6,84,155,700,7-12 RB
353,5,5,0,0,33,7,12,6,84,155,700,7-12 RB
354,5,5,0,0,34,7,12,6,84,155,700,7-12 RB
355,5,5,0,0,35,7,12,6,84,155,700,7-12 RB
356,5,5,0,0,36,7,12,6,84,155,700,7-12 RB
357,5,5,0,0,37,7,12,6,84,155,700,7-12 RB
358,5,5,0,0,38,7,12,6,84,155,700,7-12 RB
359,5,5,0,0,39,7,12,6,84,155,700,7-12 RB
360,5,5,0,0,40,7,12,6,84,155,700,7-12 RB
361,5,5,0,0,41,7,12,6,84,155,700,7-12 RB
362,5,5,0,0,42,7,12,6,84,155,700,7-12 RB
363,5,5,0,0,43,7,12,6,84,155,700,7-12 RB
364,5,5,0,0,44,7,12,6,84,155,700,7-12 RB
365,5,5,0,0,45,7,12,6,84,155,700,7-12 RB
366,5,5,0,0,46,7,12,6,84,155,700,7-12 RB
367,5,5,0,0,47,7,12,6,84,155,700,7-12 RB
368,5,5,0,0,48,7,12,6,84,155,700,7-12 RB
369,5,5,0,0,49,7,12,6,84,155,700,7-12 RB
370,5,5,0,0,50,7,12,6,84,155,700,7-12 RB
371,5,5,0,0,51,7,12,6,84,155,700,7-12 RB
372,5,5,0,0,52,7,12,6,84,155,700,7-12 RB
373,5,5,0,0,53,7,12,6,84,155,700,7-12 RB
374,5,5,0,0,54,7,12,6,84,155,700,7-12 RB
375,5,5,0,0,55,7,12,6,84,155,700,7-12 RB
376,5,5,0,0,56,7,12,6,84,155,700,7-12 RB
377,5,5,0,0,57,7,12,6,84,155,700,7-12 RB
378,5,5,0,0,58,7,12,6,84,155,700,7-12 RB
379,5,5,0,0,59,7,12,6,84,155,700,7-12 RB
380,5,5,0,0,60,7,12,6,84,155,700,7-12 RB
381,5,5,0,0,61,7,12,6,84,155,700,7-12 RB
382,5,5,0,0,62,7,12,6,84,155,700,7-12 RB
383,5,5,0,0,63,7,12,6,84,155,700,7-12 RB
384,6,6,0,0,0,7,12,6,84,155,840,7-12 RB
385,6,6,0,0,1,7,12,6,84,155,840,7-12 RB
386,6,6,0,0,2,7,12,6,84,155,840,7-12 RB
387,6,6,0,0,3,7,12,6,84,155,840,7-12 RB
388,6,6,0,0,4,7,12,6,84,155,840,7-12 RB
389,6,6,0,0,5,7,12,6,84,155,840,7-12 RB
390,6,6,0,0,6,7,12,6,84,155,840,7-12 RB
391,6,6,0,0,7,7,12,6,84,155,840,7-12 RB
392,6,6,0,0,8,7,12,6,84,155,840,7-12 RB
393,6,6,0,0,9,7,12,6,84,155,840,7-12 RB
394,6,6,0,0,10,7,12,6,84,155,840,7-12 RB
395,6,6,0,0,11,7,12,6,84,155,840,7-12 RB
396,6,6,0,0,12,7,12,6,84,155,840,7-12 RB
397,6,6,0,0,13,7,12,6,84,155,840,7-12 RB
398,6,6,0,0,14,7,12,6,84,155,840,7-12 RB
399,6,6,0,0,15,7,12,6,84,155,840,7-12 RB
400,6,6,0,0,16,7,12,6,84,155,840,7-12 RB
401,6,6,0,0,17,7,12,6,84,155,840,7-12 RB
402,6,6,0,0,18,7,12,6,84,155,840,7-12 RB
403,6,6,0,0,19,7,12,6,84,155,840,7-12 RB
404,6,6,0,0,20,7,12,6,84,155,840,7-12 RB
405,6,6,0,0,21,7,12,6,84,155,840,7-12 RB
406,6,6,0,0,22,7,12,6,84,155,840,7-12 RB
407,6,6,0,0,23,7,12,6,84,155,840,7-12 RB
408,6,6,0,0,24,7,12,6,84,155,840,7-12 RB
409,6,6,0,0,25,7,12,6,84,155,840,7-12 RB
410,6,6,0,0,26,7,12,6,84,155,840,7-12 RB
411,6,6,0,0,27,7,12,6,84,155,840,7-12 RB
412,6,6,0,0,28,7,12,6,84,155,840,7-12 RB
413,6,6,0,0,29,7,12,6,84,155,840,7-12 RB
414,6,6,0,0,30,7,12,6,84,155,840,7-12 RB
415,6,6,0,0,31,7,12,6,84,155,840,7-12 RB
416,6,6,0,0,32,7,12,6,84,155,840,7-12 RB
417,6,6,0,0,33,7,12,6,84,155,840,7-12 RB
418,6,6,0,0,34,7,12,6,84,155,840,7-12 RB
419,6,6,0,0,35,7,12,6,84,155,840,7-12 RB
420,6,6,0,0,36,7,12,6,84,155,840,7-12 RB
421,6,6,0,0,37,7,12,6,84,155,840,7-12 RB
422,6,6,0,0,38,7,12,6,84,155,840,7-12 RB
423,6,6,0,0,39,7,12,6,84,155,840,7-12 RB
424,6,6,0,0,40,7,12,6,84,155,840,7-12 RB
425,6,6,0,0,41,7,12,6,84,155,840,7-12 RB
426,6,6,0,0,42,7,12,6,84,155,840,7-12 RB
427,6,6,0,0,43,7,12,6,84,155,840,7-12 RB
428,6,6,0,0,44,7,12,6,84,155,840,7-12 RB
429,6,6,0,0,45,7,12,6,84,155,840,7-12 RB
430,6,6,0,0,46,7,12,6,84,155,840,7-12 RB
431,6,6,0,0,47,7,12,6,84,155,840,7-12 RB
432,6,6,0,0,48,7,12,6,84,155,840,7-12 RB
433,6,6,0,0,49,7,12,6,84,155,840,7-12 RB
434,6,6,0,0,50,7,12,6,84,155,840,7-12 RB
435,6,6,0,0,51,7,12,6,84,155,840,7-12 RB
436,6,6,0,0,52,7,12,6,84,155,840,7-12 RB
437,6,6,0,0,53,7,12,6,84,155,840,7-12 RB
438,6,6,0,0,54,7,12,6,84,155,840,7-12 RB
439,6,6,0,0,55,7,12,6,84,155,840,7-12 RB
440,6,6,0,0,56,7,12,6,84,155,840,7-12 RB
441,6,6,0,0,57,7,12,6,84,155,840,7-12 RB
442,6,6,0,0,58,7,12,6,84,155,840,7-12 RB
443,6,6,0,0,59,7,12,6,84,155,840,7-12 RB
444,6,6,0,0,60,7,12,6,84,155,840,7-12 RB
445,6,6,0,0,61,7,12,6,84,155,840,7-12 RB
446,6,6,0,0,62,7,12,6,84,155,840,7-12 RB
447,6,6,0,0,63,7,12,6,84,155,840,7-12 RB
448,7,7,0,0,0,7,12,6,84,155,980,7-12 RB
449,7,7,0,0,1,7,12,6,84,155,980,7-12 RB
450,7,7,0,0,2,7,12,6,84,155,980,7-12 RB
451,7,7,0,0,3,7,12,6,84,155,980,7-12 RB
452,7,7,0,0,4,7,12,6,84,155,980,7-12 RB
453,7,7,0,0,5,7,12,6,84,155,980,7-12 RB
454,7,7,0,0,6,7,12,6,84,155,980,7-12 RB
455,7,7,0,0,7,7,12,6,84,155,980,7-12 RB
456,7,7,0,0,8,7,12,6,84,155,980,7-12 RB
457,7,7,0,0,9,7,12,6,84,155,980,7-12 RB
458,7,7,0,0,10,7,12,6,84,155,980,7-12 RB
459,7,7,0,0,11,7,12,6,84,155,980,7-12 RB
460,7,7,0,0,12,7,12,6,84,155,980,7-12 RB
461,7,7,0,0,13,7,12,6,84,155,980,7-12 RB
462,7,7,0,0,14,7,12,6,84,155,980,7-12 RB
463,7,7,0,0,15,7,12,6,84,155,980,7-12 RB
464,7,7,0,0,16,7,12,6,84,155,980,7-12 RB
465,7,7,0,0,17,7,12,6,84,155,980,7-12 RB
466,7,7,0,0,18,7,12,6,84,155,980,7-12 RB
467,7,7,0,0,19,7,12,6,84,155,980,7-12 RB
468,7,7,0,0,20,7,12,6,84,155,980,7-12 RB
469,7,7,0,0,21,7,12,6,84,155,980,7-12 RB
470,7,7,0,0,22,7,12,6,84,155,980,7-12 RB
471,7,7,0,0,23,7,12,6,84,155,980,7-12 RB
472,7,7,0,0,24,7,12,6,84,155,980,7-12 RB
473,7,7,0,0,25,7,12,6,84,155,980,7-12 RB
474,7,7,0,0,26,7,12,6,84,155,980,7-12 RB
475,7,7,0,0,27,7,12,6,84,155,980,7-12 RB
476,7,7,0,0,28,7,12,6,84,155,980,7-12 RB
477,7,7,0,0,29,7,12,6,84,155,980,7-12 RB
478,7,7,0,0,30,7,12,6,84,155,980,7-12 RB
479,7,7,0,0,31,7,12,6,84,155,980,7-12 RB
480,7,7,0,0,32,7,12,6,84,155,980,7-12 RB
481,7,7,0,0,33,7,12,6,84,155,980,7-12 RB
482,7,7,0,0,34,7,12,6,84,155,980,7-12 RB
483,7,7,0,0,35,7,12,6,84,155,980,7-12 RB
484,7,7,0,0,36,7,12,6,84,155,980,7-12 RB
485,7,7,0,0,37,7,12,6,84,155,980,7-12 RB
486,7,7,0,0,38,7,12,6,84,155,980,7-12 RB
487,7,7,0,0,39,7,12,6,84,155,980,7-12 RB
488,7,7,0,0,40,7,12,6,84,155,980,7-12 RB
489,7,7,0,0,41,7,12,6,84,155,980,7-12 RB
490,7,7,0,0,42,7,12,6,84,155,980,7-12 RB
491,7,7,0,0,43,7,12,6,84,155,980,7-12 RB
492,7,7,0,0,44,7,12,6,84,155,980,7-12 RB
493,7,7,0,0,45,7,12,6,84,155,980,7-12 RB
494,7,7,0,0,46,7,12,6,84,155,980,7-12 RB
495,7,7,0,0,47,7,12,6,84,155,980,7-12 RB
496,7,7,0,0,48,7,12,6,84,155,980,7-12 RB
497,7,7,0,0,49,7,12,6,84,155,980,7-12 RB
498,7,7,0,0,50,7,12,6,84,155,980,7-12 RB
499,7,7,0,0,51,7,12,6,84,155,980,7-12 RB
500,7,7,0,0,52,7,12,6,84,155,980,7-12 RB
501,7,7,0,0,53,7,12,6,84,155,980,7-12 RB
502,7,7,0,0,54,7,12,6,84,155,980,7-12 RB
503,7,7,0,0,55,7,12,6,84,155,980,7-12 RB
504,7,7,0,0,56,7,12,6,84,155,980,7-12 RB
505,7,7,0,0,57,7,12,6,84,155,980,7-12 RB
506,7,7,0,0,58,7,12,6,84,155,980,7-12 RB
507,7,7,0,0,59,7,12,6,84,155,980,7-12 RB
508,7,7,0,0,60,7,12,6,84,155,980,7-12 RB
509,7,7,0,0,61,7,12,6,84,155,980,7-12 RB
510,7,7,0,0,62,7,12,6,84,155,980,7-12 RB
511,7,7,0,0,63,7,12,6,84,155,980,7-12 RB
512,8,8,0,0,0,7,12,6,84,155,1120,7-12 RB
513,8,8,0,0,1,7,12,6,84,155,1120,7-12 RB
514,8,8,0,0,2,7,12,6,84,155,1120,7-12 RB
515,8,8,0,0,3,7,12,6,84,155,1120,7-12 RB
516,8,8,0,0,4,7,12,6,84,155,1120,7-12 RB
517,8,8,0,0,5,7,12,6,84,155,1120,7-12 RB
518,8,8,0,0,6,7,12,6,84,155,1120,7-12 RB
519,8,8,0,0,7,7,12,6,84,155,1120,7-12 RB
520,8,8,0,0,8,7,12,6,84,155,1120,7-12 RB
521,8,8,0,0,9,7,12,6,84,155,1120,7-12 RB
522,8,8,0,0,10,7,12,6,84,155,1120,7-12 RB
523,8,8,0,0,11,7,12,6,84,155,1120,7-12 RB
524,8,8,0,0,12,7,12,6,84,155,1120,7-12 RB
525,8,8,0,0,13,7,12,6,84,155,1120,7-12 RB
526,8,8,0,0,14,7,12,6,84,155,1120,7-12 RB
527,8,8,0,0,15,7,12,6,84,155,1120,7-12 RB
528,8,8,0,0,16,7,12,6,84,155,1120,7-12 RB
529,8,8,0,0,17,7,12,6,84,155,1120,7-12 RB
530,8,8,0,0,18,7,12,6,84,155,1120,7-12 RB
531,8,8,0,0,19,7,12,6,84,155,1120,7-12 RB
532,8,8,0,0,20,7,12,6,84,155,1120,7-12 RB
533,8,8,0,0,21,7,12,6,84,155,1120,7-12 RB
534,8,8,0,0,22,7,12,6,84,155,1120,7-12 RB
535,8,8,0,0,23,7,12,6,84,155,1120,7-12 RB
536,8,8,0,0,24,7,12,6,84,155,1120,7-12 RB
537,8,8,0,0,25,7,12,6,84,155,1120,7-12 RB
538,8,8,0,0,26,7,12,6,84,155,1120,7-12 RB
539,8,8,0,0,27,7,12,6,84,155,1120,7-12 RB
540,8,8,0,0,28,7,12,6,84,155,1120,7-12 RB
541,8,8,0,0,29,7,12,6,84,155,1120,7-12 RB
542,8,8,0,0,30,7,12,6,84,155,1120,7-12 RB
543,8,8,0,0,31,7,12,6,84,155,1120,7-12 RB
544,8,8,0,0,32,7,12,6,84,155,1120,7-12 RB
545,8,8,0,0,33,7,12,6,84,155,1120,7-12 RB
546,8,8,0,0,34,7,12,6,84,155,1120,7-12 RB
547,8,8,0,0,35,7,12,6,84,155,1120,7-12 RB
548,8,8,0,0,36,7,12,6,84,155,1120,7-12 RB
549,8,8,0,0,37,7,12,6,84,155,1120,7-12 RB
550,8,8,0,0,38,7,12,6,84,155,1120,7-12 RB
551,8,8,0,0,39,7,12,6,84,155,1120,7-12 RB
552,8,8,0,0,40,7,12,6,84,155,1120,7-12 RB
553,8,8,0,0,41,7,12,6,84,155,1120,7-12 RB
554,8,8,0,0,42,7,12,6,84,155,1120,7-12 RB
555,8,8,0,0,43,7,12,6,84,155,1120,7-12 RB
556,8,8,0,0,44,7,12,6,84,155,1120,7-12 RB
557,8,8,0,0,45,7,12,6,84,155,1120,7-12 RB
558,8,8,0,0,46,7,12,6,84,155,1120,7-12 RB
559,8,8,0,0,47,7,12,6,84,155,1120,7-12 RB
560,8,8,0,0,48,7,12,6,84,155,1120,7-12 RB
561,8,8,0,0,49,7,12,6,84,155,1120,7-12 RB
562,8,8,0,0,50,7,12,6,84,155,1120,7-12 RB
563,8,8,0,0,51,7,12,6,84,155,1120,7-12 RB
564,8,8,0,0,52,7,12,6,84,155,1120,7-12 RB
565,8,8,0,0,53,7,12,6,84,155,1120,7-12 RB
566,8,8,0,0,54,7,12,6,84,155,1120,7-12 RB
567,8,8,0,0,55,7,12,6,84,155,1120,7-12 RB
568,8,8,0,0,56,7,12,6,84,155,1120,7-12 RB
569,8,8,0,0,57,7,12,6,84,155,1120,7-12 RB
570,8,8,0,0,58,7,12,6,84,155,1120,7-12 RB
571,8,8,0,0,59,7,12,6,84,155,1120,7-12 RB
572,8,8,0,0,60,7,12,6,84,155,1120,7-12 RB
573,8,8,0,0,61,7,12,6,84,155,1120,7-12 RB
574,8,8,0,0,62,7,12,6,84,155,1120,7-12 RB
575,8,8,0,0,63,7,12,6,84,155,1120,7-12 RB
576,9,9,0,0,0,7,12,6,84,155,1260,7-12 RB
577,9,9,0,0,1,7,12,6,84,155,1260,7-12 RB
578,9,9,0,0,2,7,12,6,84,155,1260,7-12 RB
579,9,9,0,0,3,7,12,6,84,155,1260,7-12 RB
580,9,9,0,0,4,7,12,6,84,155,1260,7-12 RB
581,9,9,0,0,5,7,12,6,84,155,1260,7-12 RB
582,9,9,0,0,6,7,12,6,84,155,1260,7-12 RB
583,9,9,0,0,7,7,12,6,84,155,1260,7-12 RB
584,9,9,0,0,8,7,12,6,84,155,1260,7-12 RB
585,9,9,0,0,9,7,12,6,84,155,1260,7-12 RB
586,9,9,0,0,10,7,12,6,84,155,1260,7-12 RB
587,9,9,0,0,11,7,12,6,84,155,1260,7-12 RB
588,9,9,0,0,12,7,12,6,84,155,1260,7-12 RB
589,9,9,0,0,13,7,12,6,84,155,1260,7-12 RB
590,9,9,0,0,14,7,12,6,84,155,1260,7-12 RB
591,9,9,0,0,15,7,12,6,84,155,1260,7-12 RB
592,9,9,0,0,16,7,12,6,84,155,1260,7-12 RB
593,9,9,0,0,17,7,12,6,84,155,1260,7-12 RB
594,9,9,0,0,18,7,12,6,84,155,1260,7-12 RB
595,9,9,0,0,19,7,12,6,84,155,1260,7-12 RB
596,9,9,0,0,20,7,12,6,84,155,1260,7-12 RB
597,9,9,0,0,21,7,12,6,84,155,1260,7-12 RB
598,9,9,0,0,22,7,12,6,84,155,1260,7-12 RB
599,9,9,0,0,23,7,12,6,84,155,1260,7-12 RB
600,9,9,0,0,24,7,12,6,84,155,1260,7-12 RB
601,9,9,0,0,25,7,12,6,84,155,1260,7-12 RB
602,9,9,0,0,26,7,12,6,84,155,1260,7-12 RB
603,9,9,0,0,27,7,12,6,84,155,1260,7-12 RB
604,9,9,0,0,28,7,12,6,84,155,1260,7-12 RB
605,9,9,0,0,29,7,12,6,84,155,1260,7-12 RB
606,9,9,0,0,30,7,12,6,84,155,1260,7-12 RB
607,9,9,0,0,31,7,12,6,84,155,1260,7-12 RB
608,9,9,0,0,32,7,12,6,84,155,1260,7-12 RB
609,9,9,0,0,33,7,12,6,84,155,1260,7-12 RB
610,9,9,0,0,34,7,12,6,84,155,1260,7-12 RB
611,9,9,0,0,35,7,12,6,84,155,1260,7-12 RB
612,9,9,0,0,36,7,12,6,84,155,1260,7-12 RB
613,9,9,0,0,37,7,12,6,84,155,1260,7-12 RB
614,9,9,0,0,38,7,12,6,84,155,1260,7-12 RB
615,9,9,0,0,39,7,12,6,84,155,1260,7-12 RB
616,9,9,0,0,40,7,12,6,84,155,1260,7-12 RB
617,9,9,0,0,41,7,12,6,84,155,1260,7-12 RB
618,9,9,0,0,42,7,12,6,84,155,1260,7-12 RB
619,9,9,0,0,43,7,12,6,84,155,1260,7-12 RB
620,9,9,0,0,44,7,12,6,84,155,1260,7-12 RB
621,9,9,0,0,45,7,12,6,84,155,1260,7-12 RB
622,9,9,0,0,46,7,12,6,84,155,1260,7-12 RB
623,9,9,0,0,47,7,12,6,84,155,1260,7-12 RB
624,9,9,0,0,48,7,12,6,84,155,1260,7-12 RB
625,9,9,0,0,49,7,12,6,84,155,1260,7-12 RB
626,9,9,0,0,50,7,12,6,84,155,1260,7-12 RB
627,9,9,0,0,51,7,12,6,84,155,1260,7-12 RB
628,9,9,0,0,52,7,12,6,84,155,1260,7-12 RB
629,9,9,0,0,53,7,12,6,84,155,1260,7-12 RB
630,9,9,0,0,54,7,12,6,84,155,1260,7-12 RB
631,9,9,0,0,55,7,12,6,84,155,1260,7-12 RB
632,9,9,0,0,56,7,12,6,84,155,1260,7-12 RB
633,9,9,0,0,57,7,12,6,84,155,1260,7-12 RB
634,9,9,0,0,58,7,12,6,84,155,1260,7-12 RB
635,9,9,0,0,59,7,12,6,84,155,1260,7-12 RB
636,9,9,0,0,60,7,12,6,84,155,1260,7-12 RB
637,9,9,0,0,61,7,12,6,84,155,1260,7-12 RB
638,9,9,0,0,62,7,12,6,84,155,1260,7-12 RB
639,9,9,0,0,63,7,12,6,84,155,1260,7-12 RB
640,10,0,0,0,0,7,12,6,84,155,1400,7-12 RB
641,10,0,0,0,1,7,12,6,84,155,1400,7-12 RB
642,10,0,0,0,2,7,12,6,84,155,1400,7-12 RB
643,10,0,0,0,3,7,12,6,84,155,1400,7-12 RB
644,10,0,0,0,4,7,12,6,84,155,1400,7-12 RB
645,10,0,0,0,5,7,12,6,84,155,1400,7-12 RB
646,10,0,0,0,6,7,12,6,84,155,1400,7-12 RB
647,10,0,0,0,7,7,12,6,84,155,1400,7-12 RB
648,10,0,0,0,8,7,12,6,84,155,1400,7-12 RB
649,10,0,0,0,9,7,12,6,84,155,1400,7-12 RB
650,10,0,0,0,10,7,12,6,84,155,1400,7-12 RB
651,10,0,0,0,11,7,12,6,84,155,1400,7-12 RB
652,10,0,0,0,12,7,12,6,84,155,1400,7-12 RB
653,10,0,0,0,13,7,12,6,84,155,1400,7-12 RB
654,10,0,0,0,14,7,12,6,84,155,1400,7-12 RB
655,10,0,0,0,15,7,12,6,84,155,1400,7-12 RB
656,10,0,0,0,16,7,12,6,84,155,1400,7-12 RB
657,10,0,0,0,17,7,12,6,84,155,1400,7-12 RB
658,10,0,0,0,18,7,12,6,84,155,1400,7-12 RB
659,10,0,0,0,19,7,12,6,84,155,1400,7-12 RB
660,10,0,0,0,20,7,12,6,84,155,1400,7-12 RB
661,10,0,0,0,21,7,12,6,84,155,1400,7-12 RB
662,10,0,0,0,22,7,12,6,84,155,1400,7-12 RB
663,10,0,0,0,23,7,12,6,84,155,1400,7-12 RB
664,10,0,0,0,24,7,12,6,84,155,1400,7-12 RB
665,10,0,0,0,25,7,12,6,84,155,1400,7-12 RB
666,10,0,0,0,26,7,12,6,84,155,1400,7-12 RB
667,10,0,0,0,27,7,12,6,84,155,1400,7-12 RB
668,10,0,0,0,28,7,12,6,84,155,1400,7-12 RB
669,10,0,0,0,29,7,12,6,84,155,1400,7-12 RB
670,10,0,0,0,30,7,12,6,84,155,1400,7-12 RB
671,10,0,0,0,31,7,12,6,84,155,1400,7-12 RB
672,10,0,0,0,32,7,12,6,84,155,1400,7-12 RB
673,10,0,0,0,33,7,12,6,84,155,1400,7-12 RB
674,10,0,0,0,34,7,12,6,84,155,1400,7-12 RB
675,10,0,0,0,35,7,12,6,84,155,1400,7-12 RB
676,10,0,0,0,36,7,12,6,84,155,1400,7-12 RB
677,10,0,0,0,37,7,12,6,84,155,1400,7-12 RB
678,10,0,0,0,38,7,12,6,84,155,1400,7-12 RB
679,10,0,0,0,39,7,12,6,84,155,1400,7-12 RB
680,10,0,0,0,40,7,12,6,84,155,1400,7-12 RB
681,10,0,0,0,41,7,12,6,84,155,1400,7-12 RB
682,10,0,0,0,42,7,12,6,84,155,1400,7-12 RB
683,10,0,0,0,43,7,12,6,84,155,1400,7-12 RB
684,10,0,0,0,44,7,12,6,84,155,1400,7-12 RB
685,10,0,0,0,45,7,12,6,84,155,1400,7-12 RB
686,10,0,0,0,46,7,12,6,84,155,1400,7-12 RB
687,10,0,0,0,47,7,12,6,84,155,1400,7-12 RB
688,10,0,0,0,48,7,12,6,84,155,1400,7-12 RB
689,10,0,0,0,49,7,12,6,84,155,1400,7-12 RB
690,10,0,0,0,50,7,12,6,84,155,1400,7-12 RB
691,10,0,0,0,51,7,12,6,84,155,1400,7-12 RB
692,10,0,0,0,52,7,12,6,84,155,1400,7-12 RB
693,10,0,0,0,53,7,12,6,84,155,1400,7-12 RB
694,10,0,0,0,54,7,12,6,84,155,1400,7-12 RB
695,10,0,0,0,55,7,12,6,84,155,1400,7-12 RB
696,10,0,0,0,56,7,12,6,84,155,1400,7-12 RB
697,10,0,0,0,57,7,12,6,84,155,1400,7-12 RB
698,10,0,0,0,58,7,12,6,84,155,1400,7-12 RB
699,10,0,0,0,59,7,12,6,84,155,1400,7-12 RB
700,10,0,0,0,60,7,12,6,84,155,1400,7-12 RB
701,10,0,0,0,61,7,12,6,84,155,1400,7-12 RB
702,10,0,0,0,62,7,12,6,84,155,1400,7-12 RB
703,10,0,0,0,63,7,12,6,84,155,1400,7-12 RB
704,11,1,0,0,0,7,12,6,84,155,1540,7-12 RB
705,11,1,0,0,1,7,12,6,84,155,1540,7-12 RB
706,11,1,0,0,2,7,12,6,84,155,1540,7-12 RB
707,11,1,0,0,3,7,12,6,84,155,1540,7-12 RB
708,11,1,0,0,4,7,12,6,84,155,1540,7-12 RB
709,11,1,0,0,5,7,12,6,84,155,1540,7-12 RB
710,11,1,0,0,6,7,12,6,84,155,1540,7-12 RB
711,11,1,0,0,7,7,12,6,84,155,1540,7-12 RB
712,11,1,0,0,8,7,12,6,84,155,1540,7-12 RB
713,11,1,0,0,9,7,12,6,84,155,1540,7-12 RB
714,11,1,0,0,10,7,12,6,84,155,1540,7-12 RB
715,11,1,0,0,11,7,12,6,84,155,1540,7-12 RB
716,11,1,0,0,12,7,12,6,84,155,1540,7-12 RB
717,11,1,0,0,13,7,12,6,84,155,1540,7-12 RB
718,11,1,0,0,14,7,12,6,84,155,1540,7-12 RB
719,11,1,0,0,15,7,12,6,84,155,1540,7-12 RB
720,11,1,0,0,16,7,12,6,84,155,1540,7-12 RB
721,11,1,0,0,17,7,12,6,84,155,1540,7-12 RB
722,11,1,0,0,18,7,12,6,84,155,1540,7-12 RB
723,11,1,0,0,19,7,12,6,84,155,1540,7-12 RB
724,11,1,0,0,20,7,12,6,84,155,1540,7-12 RB
725,11,1,0,0,21,7,12,6,84,155,1540,7-12 RB
726,11,1,0,0,22,7,12,6,84,155,1540,7-12 RB
727,11,1,0,0,23,7,12,6,84,155,1540,7-12 RB
728,11,1,0,0,24,7,12,6,84,155,1540,7-12 RB
729,11,1,0,0,25,7,12,6,84,155,1540,7-12 RB
730,11,1,0,0,26,7,12,6,84,155,1540,7-12 RB
731,11,1,0,0,27,7,12,6,84,155,1540,7-12 RB
732,11,1,0,0,28,7,12,6,84,155,1540,7-12 RB
733,11,1,0,0,29,7,12,6,84,155,1540,7-12 RB
734,11,1,0,0,30,7,12,6,84,155,1540,7-12 RB
735,11,1,0,0,31,7,12,6,84,155,1540,7-12 RB
736,11,1,0,0,32,7,12,6,84,155,1540,7-12 RB
737,11,1,0,0,33,7,12,6,84,155,1540,7-12 RB
738,11,1,0,0,34,7,12,6,84,155,1540,7-12 RB
739,11,1,0,0,35,7,12,6,84,155,1540,7-12 RB
740,11,1,0,0,36,7,12,6,84,155,1540,7-12 RB
741,11,1,0,0,37,7,12,6,84,155,1540,7-12 RB
742,11,1,0,0,38,7,12,6,84,155,1540,7-12 RB
743,11,1,0,0,39,7,12,6,84,155,1540,7-12 RB
744,11,1,0,0,40,7,12,6,84,155,1540,7-12 RB
745,11,1,0,0,41,7,12,6,84,155,1540,7-12 RB
746,11,1,0,0,42,7,12,6,84,155,1540,7-12 RB
747,11,1,0,0,43,7,12,6,84,155,1540,7-12 RB
748,11,1,0,0,44,7,12,6,84,155,1540,7-12 RB
749,11,1,0,0,45,7,12,6,84,155,1540,7-12 RB
750,11,1,0,0,46,7,12,6,84,155,1540,7-12 RB
751,11,1,0,0,47,7,12,6,84,155,1540,7-12 RB
752,11,1,0,0,48,7,12,6,84,155,1540,7-12 RB
753,11,1,0,0,49,7,12,6,84,155,1540,7-12 RB
754,11,1,0,0,50,7,12,6,84,155,1540,7-12 RB
755,11,1,0,0,51,7,12,6,84,155,1540,7-12 RB
756,11,1,0,0,52,7,12,6,84,155,1540,7-12 RB
757,11,1,0,0,53,7,12,6,84,155,1540,7-12 RB
758,11,1,0,0,54,7,12,6,84,155,1540,7-12 RB
759,11,1,0,0,55,7,12,6,84,155,1540,7-12 RB
760,11,1,0,0,56,7,12,6,84,155,1540,7-12 RB
761,11,1,0,0,57,7,12,6,84,155,1540,7-12 RB
762,11,1,0,0,58,7,12,6,84,155,1540,7-12 RB
763,11,1,0,0,59,7,12,6,84,155,1540,7-12 RB
764,11,1,0,0,60,7,12,6,84,155,1540,7-12 RB
765,11,1,0,0,61,7,12,6,84,155,1540,7-12 RB
766,11,1,0,0,62,7,12,6,84,155,1540,7-12 RB
767,11,1,0,0,63,7,12,6,84,155,1540,7-12 RB
768,12,2,0,0,0,7,12,6,84,155,1680,7-12 RB
769,12,2,0,0,1,7,12,6,84,155,1680,7-12 RB
770,12,2,0,0,2,7,12,6,84,155,1680,7-12 RB
771,12,2,0,0,3,7,12,6,84,155,1680,7-12 RB
772,12,2,0,0,4,7,12,6,84,155,1680,7-12 RB
773,12,2,0,0,5,7,12,6,84,155,1680,7-12 RB
774,12,2,0,0,6,7,12,6,84,155,1680,7-12 RB
775,12,2,0,0,7,7,12,6,84,155,1680,7-12 RB
776,12,2,0,0,8,7,12,6,84,155,1680,7-12 RB
777,12,2,0,0,9,7,12,6,84,155,1680,7-12 RB
778,12,2,0,0,10,7,12,6,84,155,1680,7-12 RB
779,12,2,0,0,11,7,12,6,84,155,1680,7-12 RB
780,12,2,0,0,12,7,12,6,84,155,1680,7-12 RB
781,12,2,0,0,13,7,12,6,84,155,1680,7-12 RB
782,12,2,0,0,14,7,12,6,84,155,1680,7-12 RB
783,12,2,0,0,15,7,12,6,84,155,1680,7-12 RB
784,12,2,0,0,16,7,12,6,84,155,1680,7-12 RB
785,12,2,0,0,17,7,12,6,84,155,1680,7-12 RB
786,12,2,0,0,18,7,12,6,84,155,1680,7-12 RB
787,12,2,0,0,19,7,12,6,84,155,1680,7-12 RB
788,12,2,0,0,20,7,12,6,84,155,1680,7-12 RB
789,12,2,0,0,21,7,12,6,84,155,1680,7-12 RB
790,12,2,0,0,22,7,12,6,84,155,1680,7-12 RB
791,12,2,0,0,23,7,12,6,84,155,1680,7-12 RB
792,12,2,0,0,24,7,12,6,84,155,1680,7-12 RB
793,12,2,0,0,25,7,12,6,84,155,1680,7-12 RB
794,12,2,0,0,26,7,12,6,84,155,1680,7-12 RB
795,12,2,0,0,27,7,12,6,84,155,1680,7-12 RB
796,12,2,0,0,28,7,12,6,84,155,1680,7-12 RB
797,12,2,0,0,29,7,12,6,84,155,1680,7-12 RB
798,12,2,0,0,30,7,12,6,84,155,1680,7-12 RB
799,12,2,0,0,31,7,12,6,84,155,1680,7-12 RB
800,12,2,0,0,32,7,12,6,84,155,1680,7-12 RB
801,12,2,0,0,33,7,12,6,84,155,1680,7-12 RB
802,12,2,0,0,34,7,12,6,84,155,1680,7-12 RB
803,12,2,0,0,35,7,12,6,84,155,1680,7-12 RB
804,12,2,0,0,36,7,12,6,84,155,1680,7-12 RB
805,12,2,0,0,37,7,12,6,84,155,1680,7-12 RB
806,12,2,0,0,38,7,12,6,84,155,1680,7-12 RB
807,12,2,0,0,39,7,12,6,84,155,1680,7-12 RB
808,12,2,0,0,40,7,12,6,84,155,1680,7-12 RB
809,12,2,0,0,41,7,12,6,84,155,1680,7-12 RB
810,12,2,0,0,42,7,12,6,84,155,1680,7-12 RB
811,12,2,0,0,43,7,12,6,84,155,1680,7-12 RB
812,12,2,0,0,44,7,12,6,84,155,1680,7-12 RB
813,12,2,0,0,45,7,12,6,84,155,1680,7-12 RB
814,12,2,0,0,46,7,12,6,84,155,1680,7-12 RB
815,12,2,0,0,47,7,12,6,84,155,1680,7-12 RB
816,12,2,0,0,48,7,12,6,84,155,1680,7-12 RB
817,12,2,0,0,49,7,12,6,84,155,1680,7-12 RB
818,12,2,0,0,50,7,12,6,84,155,1680,7-12 RB
819,12,2,0,0,51,7,12,6,84,155,1680,7-12 RB
820,12,2,0,0,52,7,12,6,84,155,1680,7-12 RB
821,12,2,0,0,53,7,12,6,84,155,1680,7-12 RB
822,12,2,0,0,54,7,12,6,84,155,1680,7-12 RB
823,12,2,0,0,55,7,12,6,84,155,1680,7-12 RB
824,12,2,0,0,56,7,12,6,84,155,1680,7-12 RB
825,12,2,0,0,57,7,12,6,84,155,1680,7-12 RB
826,12,2,0,0,58,7,12,6,84,155,1680,7-12 RB
827,12,2,0,0,59,7,12,6,84,155,1680,7-12 RB
828,12,2,0,0,60,7,12,6,84,155,1680,7-12 RB
829,12,2,0,0,61,7,12,6,84,155,1680,7-12 RB
830,12,2,0,0,62,7,12,6,84,155,1680,7-12 RB
831,12,2,0,0,63,7,12,6,84,155,1680,7-12 RB
832,13,3,0,0,0,7,12,6,84,155,1820,7-12 RB
833,13,3,0,0,1,7,12,6,84,155,1820,7-12 RB
834,13,3,0,0,2,7,12,6,84,155,1820,7-12 RB
835,13,3,0,0,3,7,12,6,84,155,1820,7-12 RB
836,13,3,0,0,4,7,12,6,84,155,1820,7-12 RB
837,13,3,0,0,5,7,12,6,84,155,1820,7-12 RB
838,13,3,0,0,6,7,12,6,84,155,1820,7-12 RB
839,13,3,0,0,7,7,12,6,84,155,1820,7-12 RB
840,13,3,0,0,8,7,12,6,84,155,1820,7-12 RB
841,13,3,0,0,9,7,12,6,84,155,1820,7-12 RB
842,13,3,0,0,10,7,12,6,84,155,1820,7-12 RB
843,13,3,0,0,11,7,12,6,84,155,1820,7-12 RB
844,13,3,0,0,12,7,12,6,84,155,1820,7-12 RB
845,13,3,0,0,13,7,12,6,84,155,1820,7-12 RB
846,13,3,0,0,14,7,12,6,84,155,1820,7-12 RB
847,13,3,0,0,15,7,12,6,84,155,1820,7-12 RB
848,13,3,0,0,16,7,12,6,84,155,1820,7-12 RB
849,13,3,0,0,17,7,12,6,84,155,1820,7-12 RB
850,13,3,0,0,18,7,12,6,84,155,1820,7-12 RB
851,13,3,0,0,19,7,12,6,84,155,1820,7-12 RB
852,13,3,0,0,20,7,12,6,84,155,1820,7-12 RB
853,13,3,0,0,21,7,12,6,84,155,1820,7-12 RB
854,13,3,0,0,22,7,12,6,84,155,1820,7-12 RB
855,13,3,0,0,23,7,12,6,84,155,1820,7-12 RB
856,13,3,0,0,24,7,12,6,84,155,1820,7-12 RB
857,13,3,0,0,25,7,12,6,84,155,1820,7-12 RB
858,13,3,0,0,26,7,12,6,84,155,1820,7-12 RB
859,13,3,0,0,27,7,12,6,84,155,1820,7-12 RB
860,13,3,0,0,28,7,12,6,84,155,1820,7-12 RB
861,13,3,0,0,29,7,12,6,84,155,1820,7-12 RB
862,13,3,0,0,30,7,12,6,84,155,1820,7-12 RB
863,13,3,0,0,31,7,12,6,84,155,1820,7-12 RB
864,13,3,0,0,32,7,12,6,84,155,1820,7-12 RB
865,13,3,0,0,33,7,12,6,84,155,1820,7-12 RB
866,13,3,0,0,34,7,12,6,84,155,1820,7-12 RB
867,13,3,0,0,35,7,12,6,84,155,1820,7-12 RB
868,13,3,0,0,36,7,12,6,84,155,1820,7-12 RB
869,13,3,0,0,37,7,12,6,84,155,1820,7-12 RB
870,13,3,0,0,38,7,12,6,84,155,1820,7-12 RB
871,13,3,0,0,39,7,12,6,84,155,1820,7-12 RB
872,13,3,0,0,40,7,12,6,84,155,1820,7-12 RB
873,13,3,0,0,41,7,12,6,84,155,1820,7-12 RB
874,13,3,0,0,42,7,12,6,84,155,1820,7-12 RB
875,13,3,0,0,43,7,12,6,84,155,1820,7-12 RB
876,13,3,0,0,44,7,12,6,84,155,1820,7-12 RB
877,13,3,0,0,45,7,12,6,84,155,1820,7-12 RB
878,13,3,0,0,46,7,12,6,84,155,1820,7-12 RB
879,13,3,0,0,47,7,12,6,84,155,1820,7-12 RB
880,13,3,0,0,48,7,12,6,84,155,1820,7-12 RB
881,13,3,0,0,49,7,12,6,84,155,1820,7-12 RB
882,13,3,0,0,50,7,12,6,84,155,1820,7-12 RB
883,13,3,0,0,51,7,12,6,84,155,1820,7-12 RB
884,13,3,0,0,52,7,12,6,84,155,1820,7-12 RB
885,13,3,0,0,53,7,12,6,84,155,1820,7-12 RB
886,13,3,0,0,54,7,12,6,84,155,1820,7-12 RB
887,13,3,0,0,55,7,12,6,84,155,1820,7-12 RB
888,13,3,0,0,56,7,12,6,84,155,1820,7-12 RB
889,13,3,0,0,57,7,12,6,84,155,1820,7-12 RB
890,13,3,0,0,58,7,12,6,84,155,1820,7-12 RB
891,13,3,0,0,59,7,12,6,84,155,1820,7-12 RB
892,13,3,0,0,60,7,12,6,84,155,1820,7-12 RB
893,13,3,0,0,61,7,12,6,84,155,1820,7-12 RB
894,13,3,0,0,62,7,12,6,84,155,1820,7-12 RB
895,13,3,0,0,63,7,12,6,84,155,1820,7-12 RB
896,14,4,0,0,0,7,12,6,84,155,1960,7-12 RB
897,14,4,0,0,1,7,12,6,84,155,1960,7-12 RB
898,14,4,0,0,2,7,12,6,84,155,1960,7-12 RB
899,14,4,0,0,3,7,12,6,84,155,1960,7-12 RB
900,14,4,0,0,4,7,12,6,84,155,1960,7-12 RB
901,14,4,0,0,5,7,12,6,84,155,1960,7-12 RB
902,14,4,0,0,6,7,12,6,84,155,1960,7-12 RB
903,14,4,0,0,7,7,12,6,84,155,1960,7-12 RB
904,14,4,0,0,8,7,12,6,84,155,1960,7-12 RB
905,14,4,0,0,9,7,12,6,84,155,1960,7-12 RB
906,14,4,0,0,10,7,12,6,84,155,1960,7-12 RB
907,14,4,0,0,11,7,12,6,84,155,1960,7-12 RB
908,14,4,0,0,12,7,12,6,84,155,1960,7-12 RB
909,14,4,0,0,13,7,12,6,84,155,1960,7-12 RB
910,14,4,0,0,14,7,12,6,84,155,1960,7-12 RB
911,14,4,0,0,15,7,12,6,84,155,1960,7-12 RB
912,14,4,0,0,16,7,12,6,84,155,1960,7-12 RB
913,14,4,0,0,17,7,12,6,84,155,1960,7-12 RB
914,14,4,0,0,18,7,12,6,84,155,1960,7-12 RB
915,14,4,0,0,19,7,12,6,84,155,1960,7-12 RB
916,14,4,0,0,20,7,12,6,84,155,1960,7-12 RB
917,14,4,0,0,21,7,12,6,84,155,1960,7-12 RB
918,14,4,0,0,22,7,12,6,84,155,1960,7-12 RB
919,14,4,0,0,23,7,12,6,84,155,1960,7-12 RB
920,14,4,0,0,24,7,12,6,84,155,1960,7-12 RB
921,14,4,0,0,25,7,12,6,84,155,1960,7-12 RB
922,14,4,0,0,26,7,12,6,84,155,1960,7-12 RB
923,14,4,0,0,27,7,12,6,84,155,1960,7-12 RB
924,14,4,0,0,28,7,12,6,84,155,1960,7-12 RB
925,14,4,0,0,29,7,12,6,84,155,1960,7-12 RB
926,14,4,0,0,30,7,12,6,84,155,1960,7-12 RB
927,14,4,0,0,31,7,12,6,84,155,1960,7-12 RB
928,14,4,0,0,32,7,12,6,84,155,1960,7-12 RB
929,14,4,0,0,33,7,12,6,84,155,1960,7-12 RB
930,14,4,0,0,34,7,12,6,84,155,1960,7-12 RB
931,14,4,0,0,35,7,12,6,84,155,1960,7-12 RB
932,14,4,0,0,36,7,12,6,84,155,1960,7-12 RB
933,14,4,0,0,37,7,12,6,84,155,1960,7-12 RB
934,14,4,0,0,38,7,12,6,84,155,1960,7-12 RB
935,14,4,0,0,39,7,12,6,84,155,1960,7-12 RB
936,14,4,0,0,40,7,12,6,84,155,1960,7-12 RB
937,14,4,0,0,41,7,12,6,84,155,1960,7-12 RB
938,14,4,0,0,42,7,12,6,84,155,1960,7-12 RB
939,14,4,0,0,43,7,12,6,84,155,1960,7-12 RB
940,14,4,0,0,44,7,12,6,84,155,1960,7-12 RB
941,14,4,0,0,45,7,12,6,84,155,1960,7-12 RB
942,14,4,0,0,46,7,12,6,84,155,1960,7-12 RB
943,14,4,0,0,47,7,12,6,84,155,1960,7-12 RB
944,14,4,0,0,48,7,12,6,84,155,1960,7-12 RB
945,14,4,0,0,49,7,12,6,84,155,1960,7-12 RB
946,14,4,0,0,50,7,12,6,84,155,1960,7-12 RB
947,14,4,0,0,51,7,12,6,84,155,1960,7-12 RB
948,14,4,0,0,52,7,12,6,84,155,1960,7-12 RB
949,14,4,0,0,53,7,12,6,84,155,1960,7-12 RB
950,14,4,0,0,54,7,12,6,84,155,1960,7-12 RB
951,14,4,0,0,55,7,12,6,84,155,1960,7-12 RB
952,14,4,0,0,56,7,12,6,84,155,1960,7-12 RB
953,14,4,0,0,57,7,12,6,84,155,1960,7-12 RB
954,14,4,0,0,58,7,12,6,84,155,1960,7-12 RB
955,14,4,0,0,59,7,12,6,84,155,1960,7-12 RB
956,14,4,0,0,60,7,12,6,84,155,1960,7-12 RB
957,14,4,0,0,61,7,12,6,84,155,1960,7-12 RB
958,14,4,0,0,62,7,12,6,84,155,1960,7-12 RB
959,14,4,0,0,63,7,12,6,84,155,1960,7-12 RB
960,15,5,0,0,0,7,12,6,84,155,2100,7-12 RB
961,15,5,0,0,1,7,12,6,84,155,2100,7-12 RB
962,15,5,0,0,2,7,12,6,84,155,2100,7-12 RB
963,15,5,0,0,3,7,12,6,84,155,2100,7-12 RB
964,15,5,0,0,4,7,12,6,84,155,2100,7-12 RB
965,15,5,0,0,5,7,12,6,84,155,2100,7-12 RB
966,15,5,0,0,6,7,12,6,84,155,2100,7-12 RB
967,15,5,0,0,7,7,12,6,84,155,2100,7-12 RB
968,15,5,0,0,8,7,12,6,84,155,2100,7-12 RB
969,15,5,0,0,9,7,12,6,84,155,2100,7-12 RB
970,15,5,0,0,10,7,12,6,84,155,2100,7-12 RB
971,15,5,0,0,11,7,12,6,84,155,2100,7-12 RB
972,15,5,0,0,12,7,12,6,84,155,2100,7-12 RB
973,15,5,0,0,13,7,12,6,84,155,2100,7-12 RB
974,15,5,0,0,14,7,12,6,84,155,2100,7-12 RB
975,15,5,0,0,15,7,12,6,84,155,2100,7-12 RB
976,15,5,0,0,16,7,12,6,84,155,2100,7-12 RB
977,15,5,0,0,17,7,12,6,84,155,2100,7-12 RB
978,15,5,0,0,18,7,12,6,84,155,2100,7-12 RB
979,15,5,0,0,19,7,12,6,84,155,2100,7-12 RB
980,15,5,0,0,20,7,12,6,84,155,2100,7-12 RB
981,15,5,0,0,21,7,12,6,84,155,2100,7-12 RB
982,15,5,0,0,22,7,12,6,84,155,2100,7-12 RB
983,15,5,0,0,23,7,12,6,84,155,2100,7-12 RB
984,15,5,0,0,24,7,12,6,84,155,2100,7-12 RB
985,15,5,0,0,25,7,12,6,84,155,2100,7-12 RB
986,15,5,0,0,26,7,12,6,84,155,2100,7-12 RB
987,15,5,0,0,27,7,12,6,84,155,2100,7-12 RB
988,15,5,0,0,28,7,12,6,84,155,2100,7-12 RB
989,15,5,0,0,29,7,12,6,84,155,2100,7-12 RB
990,15,5,0,0,30,7,12,6,84,155,2100,7-12 RB
991,15,5,0,0,31,7,12,6,84,155,2100,7-12 RB
992,15,5,0,0,32,7,12,6,84,155,2100,7-12 RB
993,15,5,0,0,33,7,12,6,84,155,2100,7-12 RB
994,15,5,0,0,34,7,12,6,84,155,2100,7-12 RB
995,15,5,0,0,35,7,12,6,84,155,2100,7-12 RB
996,15,5,0,0,36,7,12,6,84,155,2100,7-12 RB
997,15,5,0,0,37,7,12,6,84,155,2100,7-12 RB
998,15,5,0,0,38,7,12,6,84,155,2100,7-12 RB
999,15,5,0,0,39,7,12,6,84,155,2100,7-12 RB
1000,15,5,0,0,40,7,12,6,84,155,2100,7-12 RB
1001,15,5,0,0,41,7,12,6,84,155,2100,7-12 RB
1002,15,5,0,0,42,7,12,6,84,155,2100,7-12 RB
1003,15,5,0,0,43,7,12,6,84,155,2100,7-12 RB
1004,15,5,0,0,44,7,12,6,84,155,2100,7-12 RB
1005,15,5,0,0,45,7,12,6,84,155,2100,7-12 RB
1006,15,5,0,0,46,7,12,6,84,155,2100,7-12 RB
1007,15,5,0,0,47,7,12,6,84,155,2100,7-12 RB
1008,15,5,0,0,48,7,12,6,84,155,2100,7-12 RB
1009,15,5,0,0,49,7,12,6,84,155,2100,7-12 RB
1010,15,5,0,0,50,7,12,6,84,155,2100,7-12 RB
1011,15,5,0,0,51,7,12,6,84,155,2100,7-12 RB
1012,15,5,0,0,52,7,12,6,84,155,2100,7-12 RB
1013,15,5,0,0,53,7,12,6,84,155,2100,7-12 RB
1014,15,5,0,0,54,7,12,6,84,155,2100,7-12 RB
1015,15,5,0,0,55,7,12,6,84,155,2100,7-12 RB
1016,15,5,0,0,56,7,12,6,84,155,2100,7-12 RB
1017,15,5,0,0,57,7,12,6,84,155,2100,7-12 RB
1018,15,5,0,0,58,7,12,6,84,155,2100,7-12 RB
1019,15,5,0,0,59,7,12,6,84,155,2100,7-12 RB
1020,15,5,0,0,60,7,12,6,84,155,2100,7-12 RB
1021,15,5,0,0,61,7,12,6,84,155,2100,7-12 RB
1022,15,5,0,0,62,7,12,6,84,155,2100,7-12 RB
1023,15,5,0,0,63,7,12,6,84,155,2100,7-12 RB
1024,16,6,0,0,0,7,12,6,84,155,2240,7-12 RB
1025,16,6,0,0,1,7,12,6,84,155,2240,7-12 RB
1026,16,6,0,0,2,7,12,6,84,155,2240,7-12 RB
1027,16,6,0,0,3,7,12,6,84,155,2240,7-12 RB
1028,16,6,0,0,4,7,12,6,84,155,2240,7-12 RB
1029,16,6,0,0,5,7,12,6,84,155,2240,7-12 RB
1030,16,6,0,0,6,7,12,6,84,155,2240,7-12 RB
1031,16,6,0,0,7,7,12,6,84,155,2240,7-12 RB
1032,16,6,0,0,8,7,12,6,84,155,2240,7-12 RB
1033,16,6,0,0,9,7,12,6,84,155,2240,7-12 RB
1034,16,6,0,0,10,7,12,6,84,155,2240,7-12 RB
1035,16,6,0,0,11,7,12,6,84,155,2240,7-12 RB
1036,16,6,0,0,12,7,12,6,84,155,2240,7-12 RB
1037,16,6,0,0,13,7,12,6,84,155,2240,7-12 RB
1038,16,6,0,0,14,7,12,6,84,155,2240,7-12 RB
1039,16,6,0,0,15,7,12,6,84,155,2240,7-12 RB
1040,16,6,0,0,16,7,12,6,84,155,2240,7-12 RB
1041,16,6,0,0,17,7,12,6,84,155,2240,7-12 RB
1042,16,6,0,0,18,7,12,6,84,155,2240,7-12 RB
1043,16,6,0,0,19,7,12,6,84,155,2240,7-12 RB
1044,16,6,0,0,20,7,12,6,84,155,2240,7-12 RB
1045,16,6,0,0,21,7,12,6,84,155,2240,7-12 RB
1046,16,6,0,0,22,7,12,6,84,155,2240,7-12 RB
1047,16,6,0,0,23,7,12,6,84,155,2240,7-12 RB
1048,16,6,0,0,24,7,12,6,84,155,2240,7-12 RB
1049,16,6,0,0,25,7,12,6,84,155,2240,7-12 RB
1050,16,6,0,0,26,7,12,6,84,155,2240,7-12 RB
1051,16,6,0,0,27,7,12,6,84,155,2240,7-12 RB
1052,16,6,0,0,28,7,12,6,84,155,2240,7-12 RB
1053,16,6,0,0,29,7,12,6,84,155,2240,7-12 RB
1054,16,6,0,0,30,7,12,6,84,155,2240,7-12 RB
1055,16,6,0,0,31,7,12,6,84,155,2240,7-12 RB
1056,16,6,0,0,32,7,12,6,84,155,2240,7-12 RB
1057,16,6,0,0,33,7,12,6,84,155,2240,7-12 RB
1058,16,6,0,0,34,7,12,6,84,155,2240,7-12 RB
1059,16,6,0,0,35,7,12,6,84,155,2240,7-12 RB
1060,16,6,0,0,36,7,12,6,84,155,2240,7-12 RB
1061,16,6,0,0,37,7,12,6,84,155,2240,7-12 RB
1062,16,6,0,0,38,7,12,6,84,155,2240,7-12 RB
1063,16,6,0,0,39,7,12,6,84,155,2240,7-12 RB
1064,16,6,0,0,40,7,12,6,84,155,2240,7-12 RB
1065,16,6,0,0,41,7,12,6,84,155,2240,7-12 RB
1066,16,6,0,0,42,7,12,6,84,155,2240,7-12 RB
1067,16,6,0,0,43,7,12,6,84,155,2240,7-12 RB
1068,16,6,0,0,44,7,12,6,84,155,2240,7-12 RB
1069,16,6,0,0,45,7,12,6,84,155,2240,7-12 RB
1070,16,6,0,0,46,7,12,6,84,155,2240,7-12 RB
1071,16,6,0,0,47,7,12,6,84,155,2240,7-12 RB
1072,16,6,0,0,48,7,12,6,84,155,2240,7-12 RB
1073,16,6,0,0,49,7,12,6,84,155,2240,7-12 RB
1074,16,6,0,0,50,7,12,6,84,155,2240,7-12 RB
1075,16,6,0,0,51,7,12,6,84,155,2240,7-12 RB
1076,16,6,0,0,52,7,12,6,84,155,2240,7-12 RB
1077,16,6,0,0,53,7,12,6,84,155,2240,7-12 RB
1078,16,6,0,0,54,7,12,6,84,155,2240,7-12 RB
1079,16,6,0,0,55,7,12,6,84,155,2240,7-12 RB
1080,16,6,0,0,56,7,12,6,84,155,2240,7-12 RB
1081,16,6,0,0,57,7,12,6,84,155,2240,7-12 RB
1082,16,6,0,0,58,7,12,6,84,155,2240,7-12 RB
1083,16,6,0,0,59,7,12,6,84,155,2240,7-12 RB
1084,16,6,0,0,60,7,12,6,84,155,2240,7-12 RB
1085,16,6,0,0,61,7,12,6,84,155,2240,7-12 RB
1086,16,6,0,0,62,7,12,6,84,155,2240,7-12 RB
1087,16,6,0,0,63,7,12,6,84,155,2240,7-12 RB
1088,17,7,0,0,0,7,12,6,84,155,2380,7-12 RB
1089,17,7,0,0,1,7,12,6,84,155,2380,7-12 RB
1090,17,7,0,0,2,7,12,6,84,155,2380,7-12 RB
1091,17,7,0,0,3,7,12,6,84,155,2380,7-12 RB
1092,17,7,0,0,4,7,12,6,84,155,2380,7-12 RB
1093,17,7,0,0,5,7,12,6,84,155,2380,7-12 RB
1094,17,7,0,0,6,7,12,6,84,155,2380,7-12 RB
1095,17,7,0,0,7,7,12,6,84,155,2380,7-12 RB
1096,17,7,0,0,8,7,12,6,84,155,2380,7-12 RB
1097,17,7,0,0,9,7,12,6,84,155,2380,7-12 RB
1098,17,7,0,0,10,7,12,6,84,155,2380,7-12 RB
1099,17,7,0,0,11,7,12,6,84,155,2380,7-12 RB
1100,17,7,0,0,12,7,12,6,84,155,2380,7-12 RB
1101,17,7,0,0,13,7,12,6,84,155,2380,7-12 RB
1102,17,7,0,0,14,7,12,6,84,155,2380,7-12 RB
1103,17,7,0,0,15,7,12,6,84,155,2380,7-12 RB
1104,17,7,0,0,16,7,12,6,84,155,2380,7-12 RB
1105,17,7,0,0,17,7,12,6,84,155,2380,7-12 RB
1106,17,7,0,0,18,7,12,6,84,155,2380,7-12 RB
1107,17,7,0,0,19,7,12,6,84,155,2380,7-12 RB
1108,17,7,0,0,20,7,12,6,84,155,2380,7-12 RB
1109,17,7,0,0,21,7,12,6,84,155,2380,7-12 RB
1110,17,7,0,0,22,7,12,6,84,155,2380,7-12 RB
1111,17,7,0,0,23,7,12,6,84,155,2380,7-12 RB
1112,17,7,0,0,24,7,12,6,84,155,2380,7-12 RB
1113,17,7,0,0,25,7,12,6,84,155,2380,7-12 RB
1114,17,7,0,0,26,7,12,6,84,155,2380,7-12 RB
1115,17,7,0,0,27,7,12,6,84,155,2380,7-12 RB
1116,17,7,0,0,28,7,12,6,84,155,2380,7-12 RB
1117,17,7,0,0,29,7,12,6,84,155,2380,7-12 RB
1118,17,7,0,0,30,7,12,6,84,155,2380,7-12 RB
1119,17,7,0,0,31,7,12,6,84,155,2380,7-12 RB
1120,17,7,0,0,32,7,12,6,84,155,2380,7-12 RB
1121,17,7,0,0,33,7,12,6,84,155,2380,7-12 RB
1122,17,7,0,0,34,7,12,6,84,155,2380,7-12 RB
1123,17,7,0,0,35,7,12,6,84,155,2380,7-12 RB
1124,17,7,0,0,36,7,12,6,84,155,2380,7-12 RB
1125,17,7,0,0,37,7,12,6,84,155,2380,7-12 RB
1126,17,7,0,0,38,7,12,6,84,155,2380,7-12 RB
1127,17,7,0,0,39,7,12,6,84,155,2380,7-12 RB
1128,17,7,0,0,40,7,12,6,84,155,2380,7-12 RB
1129,17,7,0,0,41,7,12,6,84,155,2380,7-12 RB
1130,17,7,0,0,42,7,12,6,84,155,2380,7-12 RB
1131,17,7,0,0,43,7,12,6,84,155,2380,7-12 RB
1132,17,7,0,0,44,7,12,6,84,155,2380,7-12 RB
1133,17,7,0,0,45,7,12,6,84,155,2380,7-12 RB
1134,17,7,0,0,46,7,12,6,84,155,2380,7-12 RB
1135,17,7,0,0,47,7,12,6,84,155,2380,7-12 RB
1136,17,7,0,0,48,7,12,6,84,155,2380,7-12 RB
1137,17,7,0,0,49,7,12,6,84,155,2380,7-12 RB
1138,17,7,0,0,50,7,12,6,84,155,2380,7-12 RB
1139,17,7,0,0,51,7,12,6,84,155,2380,7-12 RB
1140,17,7,0,0,52,7,12,6,84,155,2380,7-12 RB
1141,17,7,0,0,53,7,12,6,84,155,2380,7-12 RB
1142,17,7,0,0,54,7,12,6,84,155,2380,7-12 RB
1143,17,7,0,0,55,7,12,6,84,155,2380,7-12 RB
1144,17,7,0,0,56,7,12,6,84,155,2380,7-12 RB
1145,17,7,0,0,57,7,12,6,84,155,2380,7-12 RB
1146,17,7,0,0,58,7,12,6,84,155,2380,7-12 RB
1147,17,7,0,0,59,7,12,6,84,155,2380,7-12 RB
1148,17,7,0,0,60,7,12,6,84,155,2380,7-12 RB
1149,17,7,0,0,61,7,12,6,84,155,2380,7-12 RB
1150,17,7,0,0,62,7,12,6,84,155,2380,7-12 RB
1151,17,7,0,0,63,7,12,6,84,155,2380,7-12 RB
1152,18,8,0,0,0,7,12,6,84,155,2520,7-12 RB
1153,18,8,0,0,1,7,12,6,84,155,2520,7-12 RB
1154,18,8,0,0,2,7,12,6,84,155,2520,7-12 RB
1155,18,8,0,0,3,7,12,6,84,155,2520,7-12 RB
1156,18,8,0,0,4,7,12,6,84,155,2520,7-12 RB
1157,18,8,0,0,5,7,12,6,84,155,2520,7-12 RB
1158,18,8,0,0,6,7,12,6,84,155,2520,7-12 RB
1159,18,8,0,0,7,7,12,6,84,155,2520,7-12 RB
1160,18,8,0,0,8,7,12,6,84,155,2520,7-12 RB
1161,18,8,0,0,9,7,12,6,84,155,2520,7-12 RB
1162,18,8,0,0,10,7,12,6,84,155,2520,7-12 RB
1163,18,8,0,0,11,7,12,6,84,155,2520,7-12 RB
1164,18,8,0,0,12,7,12,6,84,155,2520,7-12 RB
1165,18,8,0,0,13,7,12,6,84,155,2520,7-12 RB
1166,18,8,0,0,14,7,12,6,84,155,2520,7-12 RB
1167,18,8,0,0,15,7,12,6,84,155,2520,7-12 RB
1168,18,8,0,0,16,7,12,6,84,155,2520,7-12 RB
1169,18,8,0,0,17,7,12,6,84,155,2520,7-12 RB
1170,18,8,0,0,18,7,12,6,84,155,2520,7-12 RB
1171,18,8,0,0,19,7,12,6,84,155,2520,7-12 RB
1172,18,8,0,0,20,7,12,6,84,155,2520,7-12 RB
1173,18,8,0,0,21,7,12,6,84,155,2520,7-12 RB
1174,18,8,0,0,22,7,12,6,84,155,2520,7-12 RB
1175,18,8,0,0,23,7,12,6,84,155,2520,7-12 RB
1176,18,8,0,0,24,7,12,6,84,155,2520,7-12 RB
1177,18,8,0,0,25,7,12,6,84,155,2520,7-12 RB
1178,18,8,0,0,26,7,12,6,84,155,2520,7-12 RB
1179,18,8,0,0,27,7,12,6,84,155,2520,7-12 RB
1180,18,8,0,0,28,7,12,6,84,155,2520,7-12 RB
1181,18,8,0,0,29,7,12,6,84,155,2520,7-12 RB
1182,18,8,0,0,30,7,12,6,84,155,2520,7-12 RB
1183,18,8,0,0,31,7,12,6,84,155,2520,7-12 RB
1184,18,8,0,0,32,7,12,6,84,155,2520,7-12 RB
1185,18,8,0,0,33,7,12,6,84,155,2520,7-12 RB
1186,18,8,0,0,34,7,12,6,84,155,2520,7-12 RB
1187,18,8,0,0,35,7,12,6,84,155,2520,7-12 RB
1188,18,8,0,0,36,7,12,6,84,155,2520,7-12 RB
1189,18,8,0,0,37,7,12,6,84,155,2520,7-12 RB
1190,18,8,0,0,38,7,12,6,84,155,2520,7-12 RB
1191,18,8,0,0,39,7,12,6,84,155,2520,7-12 RB
1192,18,8,0,0,40,7,12,6,84,155,2520,7-12 RB
1193,18,8,0,0,41,7,12,6,84,155,2520,7-12 RB
1194,18,8,0,0,42,7,12,6,84,155,2520,7-12 RB
1195,18,8,0,0,43,7,12,6,84,155,2520,7-12 RB
1196,18,8,0,0,44,7,12,6,84,155,2520,7-12 RB
1197,18,8,0,0,45,7,12,6,84,155,2520,7-12 RB
1198,18,8,0,0,46,7,12,6,84,155,2520,7-12 RB
1199,18,8,0,0,47,7,12,6,84,155,2520,7-12 RB
1200,18,8,0,0,48,7,12,6,84,155,2520,7-12 RB
1201,18,8,0,0,49,7,12,6,84,155,2520,7-12 RB
1202,18,8,0,0,50,7,12,6,84,155,2520,7-12 RB
1203,18,8,0,0,51,7,12,6,84,155,2520,7-12 RB
1204,18,8,0,0,52,7,12,6,84,155,2520,7-12 RB
1205,18,8,0,0,53,7,12,6,84,155,2520,7-12 RB
1206,18,8,0,0,54,7,12,6,84,155,2520,7-12 RB
1207,18,8,0,0,55,7,12,6,84,155,2520,7-12 RB
1208,18,8,0,0,56,7,12,6,84,155,2520,7-12 RB
1209,18,8,0,0,57,7,12,6,84,155,2520,7-12 RB
1210,18,8,0,0,58,7,12,6,84,155,2520,7-12 RB
1211,18,8,0,0,59,7,12,6,84,155,2520,7-12 RB
1212,18,8,0,0,60,7,12,6,84,155,2520,7-12 RB
1213,18,8,0,0,61,7,12,6,84,155,2520,7-12 RB
1214,18,8,0,0,62,7,12,6,84,155,2520,7-12 RB
1215,18,8,0,0,63,7,12,6,84,155,2520,7-12 RB
1216,19,9,0,0,0,7,12,6,84,155,2660,7-12 RB
1217,19,9,0,0,1,7,12,6,84,155,2660,7-12 RB
1218,19,9,0,0,2,7,12,6,84,155,2660,7-12 RB
1219,19,9,0,0,3,7,12,6,84,155,2660,7-12 RB
1220,19,9,0,0,4,7,12,6,84,155,2660,7-12 RB
1221,19,9,0,0,5,7,12,6,84,155,2660,7-12 RB
1222,19,9,0,0,6,7,12,6,84,155,2660,7-12 RB
1223,19,9,0,0,7,7,12,6,84,155,2660,7-12 RB
1224,19,9,0,0,8,7,12,6,84,155,2660,7-12 RB
1225,19,9,0,0,9,7,12,6,84,155,2660,7-12 RB
1226,19,9,0,0,10,7,12,6,84,155,2660,7-12 RB
1227,19,9,0,0,11,7,12,6,84,155,2660,7-12 RB
1228,19,9,0,0,12,7,12,6,84,155,2660,7-12 RB
1229,19,9,0,0,13,7,12,6,84,155,2660,7-12 RB
1230,19,9,0,0,14,7,12,6,84,155,2660,7-12 RB
1231,19,9,0,0,15,7,12,6,84,155,2660,7-12 RB
1232,19,9,0,0,16,7,12,6,84,155,2660,7-12 RB
1233,19,9,0,0,17,7,12,6,84,155,2660,7-12 RB
1234,19,9,0,0,18,7,12,6,84,155,2660,7-12 RB
1235,19,9,0,0,19,7,12,6,84,155,2660,7-12 RB
1236,19,9,0,0,20,7,12,6,84,155,2660,7-12 RB
1237,19,9,0,0,21,7,12,6,84,155,2660,7-12 RB
1238,19,9,0,0,22,7,12,6,84,155,2660,7-12 RB
1239,19,9,0,0,23,7,12,6,84,155,2660,7-12 RB
1240,19,9,0,0,24,7,12,6,84,155,2660,7-12 RB
1241,19,9,0,0,25,7,12,6,84,155,2660,7-12 RB
1242,19,9,0,0,26,7,12,6,84,155,2660,7-12 RB
1243,19,9,0,0,27,7,12,6,84,155,2660,7-12 RB
1244,19,9,0,0,28,7,12,6,84,155,2660,7-12 RB
1245,19,9,0,0,29,7,12,6,84,155,2660,7-12 RB
1246,19,9,0,0,30,7,12,6,84,155,2660,7-12 RB
1247,19,9,0,0,31,7,12,6,84,155,2660,7-12 RB
1248,19,9,0,0,32,7,12,6,84,155,2660,7-12 RB
1249,19,9,0,0,33,7,12,6,84,155,2660,7-12 RB
1250,19,9,0,0,34,7,12,6,84,155,2660,7-12 RB
1251,19,9,0,0,35,7,12,6,84,155,2660,7-12 RB
1252,19,9,0,0,36,7,12,6,84,155,2660,7-12 RB
1253,19,9,0,0,37,7,12,6,84,155,2660,7-12 RB
1254,19,9,0,0,38,7,12,6,84,155,2660,7-12 RB
1255,19,9,0,0,39,7,12,6,84,155,2660,7-12 RB
1256,19,9,0,0,40,7,12,6,84,155,2660,7-12 RB
1257,19,9,0,0,41,7,12,6,84,155,2660,7-12 RB
1258,19,9,0,0,42,7,12,6,84,155,2660,7-12 RB
1259,19,9,0,0,43,7,12,6,84,155,2660,7-12 RB
1260,19,9,0,0,44,7,12,6,84,155,2660,7-12 RB
1261,19,9,0,0,45,7,12,6,84,155,2660,7-12 RB
1262,19,9,0,0,46,7,12,6,84,155,2660,7-12 RB
1263,19,9,0,0,47,7,12,6,84,155,2660,7-12 RB
1264,19,9,0,0,48,7,12,6,84,155,2660,7-12 RB
1265,19,9,0,0,49,7,12,6,84,155,2660,7-12 RB
1266,19,9,0,0,50,7,12,6,84,155,2660,7-12 RB
1267,19,9,0,0,51,7,12,6,84,155,2660,7-12 RB
1268,19,9,0,0,52,7,12,6,84,155,2660,7-12 RB
1269,19,9,0,0,53,7,12,6,84,155,2660,7-12 RB
1270,19,9,0,0,54,7,12,6,84,155,2660,7-12 RB
1271,19,9,0,0,55,7,12,6,84,155,2660,7-12 RB
1272,19,9,0,0,56,7,12,6,84,155,2660,7-12 RB
1273,19,9,0,0,57,7,12,6,84,155,2660,7-12 RB
1274,19,9,0,0,58,7,12,6,84,155,2660,7-12 RB
1275,19,9,0,0,59,7,12,6,84,155,2660,7-12 RB
1276,19,9,0,0,60,7,12,6,84,155,2660,7-12 RB
1277,19,9,0,0,61,7,12,6,84,155,2660,7-12 RB
1278,19,9,0,0,62,7,12,6,84,155,2660,7-12 RB
1279,19,9,0,0,63,7,12,6,84,155,2660,7-12 RB
